{"milpStatus": 1, "pCharge": [{"datetime": "2024-03-05T23:00:00Z", "setpoint": 0.0}, {"datetime": "2024-03-06T00:00:00Z", "setpoint": 0.0}, {"datetime": "2024-03-06T01:00:00Z", "setpoint": 0.0}, {"datetime": "2024-03-06T02:00:00Z", "setpoint": 0.0}, {"datetime": "2024-03-06T03:00:00Z", "setpoint": 100.0}, {"datetime": "2024-03-06T04:00:00Z", "setpoint": 5.2631579}, {"datetime": "2024-03-06T05:00:00Z", "setpoint": 0.0}, {"datetime": "2024-03-06T06:00:00Z", "setpoint": 0.0}, {"datetime": "2024-03-06T07:00:00Z", "setpoint": 0.0}, {"datetime": "2024-03-06T08:00:00Z", "setpoint": 0.0}, {"datetime": "2024-03-06T09:00:00Z", "setpoint": 0.0}, {"datetime": "2024-03-06T10:00:00Z", "setpoint": 0.0}, {"datetime": "2024-03-06T11:00:00Z", "setpoint": 0.0}, {"datetime": "2024-03-06T12:00:00Z", "setpoint": 0.0}, {"datetime": "2024-03-06T13:00:00Z", "setpoint": 68.88}, {"datetime": "2024-03-06T14:00:00Z", "setpoint": 36.383158}, {"datetime": "2024-03-06T15:00:00Z", "setpoint": 0.0}, {"datetime": "2024-03-06T16:00:00Z", "setpoint": 0.0}, {"datetime": "2024-03-06T17:00:00Z", "setpoint": 0.0}, {"datetime": "2024-03-06T18:00:00Z", "setpoint": 0.0}, {"datetime": "2024-03-06T19:00:00Z", "setpoint": 0.0}, {"datetime": "2024-03-06T20:00:00Z", "setpoint": 0.0}, {"datetime": "2024-03-06T21:00:00Z", "setpoint": 0.0}, {"datetime": "2024-03-06T22:00:00Z", "setpoint": 0.0}], "pDischarge": [{"datetime": "2024-03-05T23:00:00Z", "setpoint": 0.0}, {"datetime": "2024-03-06T00:00:00Z", "setpoint": 0.0}, {"datetime": "2024-03-06T01:00:00Z", "setpoint": 0.0}, {"datetime": "2024-03-06T02:00:00Z", "setpoint": 0.0}, {"datetime": "2024-03-06T03:00:00Z", "setpoint": 0.0}, {"datetime": "2024-03-06T04:00:00Z", "setpoint": 0.0}, {"datetime": "2024-03-06T05:00:00Z", "setpoint": 0.0}, {"datetime": "2024-03-06T06:00:00Z", "setpoint": 39.81}, {"datetime": "2024-03-06T07:00:00Z", "setpoint": 55.19}, {"datetime": "2024-03-06T08:00:00Z", "setpoint": 0.0}, {"datetime": "2024-03-06T09:00:00Z", "setpoint": 0.0}, {"datetime": "2024-03-06T10:00:00Z", "setpoint": 0.0}, {"datetime": "2024-03-06T11:00:00Z", "setpoint": 0.0}, {"datetime": "2024-03-06T12:00:00Z", "setpoint": 0.0}, {"datetime": "2024-03-06T13:00:00Z", "setpoint": 0.0}, {"datetime": "2024-03-06T14:00:00Z", "setpoint": 0.0}, {"datetime": "2024-03-06T15:00:00Z", "setpoint": 0.0}, {"datetime": "2024-03-06T16:00:00Z", "setpoint": 0.0}, {"datetime": "2024-03-06T17:00:00Z", "setpoint": 0.0}, {"datetime": "2024-03-06T18:00:00Z", "setpoint": 42.19}, {"datetime": "2024-03-06T19:00:00Z", "setpoint": 52.81}, {"datetime": "2024-03-06T20:00:00Z", "setpoint": 0.0}, {"datetime": "2024-03-06T21:00:00Z", "setpoint": 0.0}, {"datetime": "2024-03-06T22:00:00Z", "setpoint": 0.0}], "eBess": [{"datetime": "2024-03-05T23:00:00Z", "setpoint": 0.0}, {"datetime": "2024-03-06T00:00:00Z", "setpoint": 0.0}, {"datetime": "2024-03-06T01:00:00Z", "setpoint": 0.0}, {"datetime": "2024-03-06T02:00:00Z", "setpoint": 0.0}, {"datetime": "2024-03-06T03:00:00Z", "setpoint": 95.0}, {"datetime": "2024-03-06T04:00:00Z", "setpoint": 100.0}, {"datetime": "2024-03-06T05:00:00Z", "setpoint": 100.0}, {"datetime": "2024-03-06T06:00:00Z", "setpoint": 58.094737}, {"datetime": "2024-03-06T07:00:00Z", "setpoint": 0.0}, {"datetime": "2024-03-06T08:00:00Z", "setpoint": 0.0}, {"datetime": "2024-03-06T09:00:00Z", "setpoint": 0.0}, {"datetime": "2024-03-06T10:00:00Z", "setpoint": 0.0}, {"datetime": "2024-03-06T11:00:00Z", "setpoint": 0.0}, {"datetime": "2024-03-06T12:00:00Z", "setpoint": 0.0}, {"datetime": "2024-03-06T13:00:00Z", "setpoint": 65.436}, {"datetime": "2024-03-06T14:00:00Z", "setpoint": 100.0}, {"datetime": "2024-03-06T15:00:00Z", "setpoint": 100.0}, {"datetime": "2024-03-06T16:00:00Z", "setpoint": 100.0}, {"datetime": "2024-03-06T17:00:00Z", "setpoint": 100.0}, {"datetime": "2024-03-06T18:00:00Z", "setpoint": 55.589474}, {"datetime": "2024-03-06T19:00:00Z", "setpoint": 0.0}, {"datetime": "2024-03-06T20:00:00Z", "setpoint": 0.0}, {"datetime": "2024-03-06T21:00:00Z", "setpoint": 0.0}, {"datetime": "2024-03-06T22:00:00Z", "setpoint": 0.0}], "eDeg": [{"datetime": "2024-03-05T23:00:00Z", "setpoint": 0.0}, {"datetime": "2024-03-06T00:00:00Z", "setpoint": 0.0}, {"datetime": "2024-03-06T01:00:00Z", "setpoint": 0.0}, {"datetime": "2024-03-06T02:00:00Z", "setpoint": 0.0}, {"datetime": "2024-03-06T03:00:00Z", "setpoint": 0.0}, {"datetime": "2024-03-06T04:00:00Z", "setpoint": 0.0}, {"datetime": "2024-03-06T05:00:00Z", "setpoint": 0.0}, {"datetime": "2024-03-06T06:00:00Z", "setpoint": 0.0016491365}, {"datetime": "2024-03-06T07:00:00Z", "setpoint": 0.0022862557}, {"datetime": "2024-03-06T08:00:00Z", "setpoint": 0.0}, {"datetime": "2024-03-06T09:00:00Z", "setpoint": 0.0}, {"datetime": "2024-03-06T10:00:00Z", "setpoint": 0.0}, {"datetime": "2024-03-06T11:00:00Z", "setpoint": 0.0}, {"datetime": "2024-03-06T12:00:00Z", "setpoint": 0.0}, {"datetime": "2024-03-06T13:00:00Z", "setpoint": 0.0}, {"datetime": "2024-03-06T14:00:00Z", "setpoint": 0.0}, {"datetime": "2024-03-06T15:00:00Z", "setpoint": 0.0}, {"datetime": "2024-03-06T16:00:00Z", "setpoint": 0.0}, {"datetime": "2024-03-06T17:00:00Z", "setpoint": 0.0}, {"datetime": "2024-03-06T18:00:00Z", "setpoint": 0.0017477284}, {"datetime": "2024-03-06T19:00:00Z", "setpoint": 0.0021876638}, {"datetime": "2024-03-06T20:00:00Z", "setpoint": 0.0}, {"datetime": "2024-03-06T21:00:00Z", "setpoint": 0.0}, {"datetime": "2024-03-06T22:00:00Z", "setpoint": 0.0}], "pCharge2": [{"datetime": "2024-03-05T23:00:00Z", "setpoint": 0.0}, {"datetime": "2024-03-06T00:00:00Z", "setpoint": 0.0}, {"datetime": "2024-03-06T01:00:00Z", "setpoint": 0.0}, {"datetime": "2024-03-06T02:00:00Z", "setpoint": 0.0}, {"datetime": "2024-03-06T03:00:00Z", "setpoint": 3.6816609}, {"datetime": "2024-03-06T04:00:00Z", "setpoint": 0.0}, {"datetime": "2024-03-06T05:00:00Z", "setpoint": 0.0}, {"datetime": "2024-03-06T06:00:00Z", "setpoint": 0.0}, {"datetime": "2024-03-06T07:00:00Z", "setpoint": 0.0}, {"datetime": "2024-03-06T08:00:00Z", "setpoint": 0.0}, {"datetime": "2024-03-06T09:00:00Z", "setpoint": 0.0}, {"datetime": "2024-03-06T10:00:00Z", "setpoint": 0.0}, {"datetime": "2024-03-06T11:00:00Z", "setpoint": 10.0}, {"datetime": "2024-03-06T12:00:00Z", "setpoint": 10.0}, {"datetime": "2024-03-06T13:00:00Z", "setpoint": 10.0}, {"datetime": "2024-03-06T14:00:00Z", "setpoint": 10.0}, {"datetime": "2024-03-06T15:00:00Z", "setpoint": 7.0588235}, {"datetime": "2024-03-06T16:00:00Z", "setpoint": 0.0}, {"datetime": "2024-03-06T17:00:00Z", "setpoint": 0.0}, {"datetime": "2024-03-06T18:00:00Z", "setpoint": 0.0}, {"datetime": "2024-03-06T19:00:00Z", "setpoint": 0.0}, {"datetime": "2024-03-06T20:00:00Z", "setpoint": 0.0}, {"datetime": "2024-03-06T21:00:00Z", "setpoint": 0.0}, {"datetime": "2024-03-06T22:00:00Z", "setpoint": 0.0}], "pDischarge2": [{"datetime": "2024-03-05T23:00:00Z", "setpoint": 0.0}, {"datetime": "2024-03-06T00:00:00Z", "setpoint": 0.0}, {"datetime": "2024-03-06T01:00:00Z", "setpoint": 0.0}, {"datetime": "2024-03-06T02:00:00Z", "setpoint": 0.0}, {"datetime": "2024-03-06T03:00:00Z", "setpoint": 0.0}, {"datetime": "2024-03-06T04:00:00Z", "setpoint": 0.0}, {"datetime": "2024-03-06T05:00:00Z", "setpoint": 0.0}, {"datetime": "2024-03-06T06:00:00Z", "setpoint": 2.66}, {"datetime": "2024-03-06T07:00:00Z", "setpoint": 0.0}, {"datetime": "2024-03-06T08:00:00Z", "setpoint": 0.0}, {"datetime": "2024-03-06T09:00:00Z", "setpoint": 0.0}, {"datetime": "2024-03-06T10:00:00Z", "setpoint": 0.0}, {"datetime": "2024-03-06T11:00:00Z", "setpoint": 0.0}, {"datetime": "2024-03-06T12:00:00Z", "setpoint": 0.0}, {"datetime": "2024-03-06T13:00:00Z", "setpoint": 0.0}, {"datetime": "2024-03-06T14:00:00Z", "setpoint": 0.0}, {"datetime": "2024-03-06T15:00:00Z", "setpoint": 0.0}, {"datetime": "2024-03-06T16:00:00Z", "setpoint": 0.0}, {"datetime": "2024-03-06T17:00:00Z", "setpoint": 8.5}, {"datetime": "2024-03-06T18:00:00Z", "setpoint": 8.5}, {"datetime": "2024-03-06T19:00:00Z", "setpoint": 8.5}, {"datetime": "2024-03-06T20:00:00Z", "setpoint": 8.5}, {"datetime": "2024-03-06T21:00:00Z", "setpoint": 0.0}, {"datetime": "2024-03-06T22:00:00Z", "setpoint": 0.0}], "eBess2": [{"datetime": "2024-03-05T23:00:00Z", "setpoint": 0.0}, {"datetime": "2024-03-06T00:00:00Z", "setpoint": 0.0}, {"datetime": "2024-03-06T01:00:00Z", "setpoint": 0.0}, {"datetime": "2024-03-06T02:00:00Z", "setpoint": 0.0}, {"datetime": "2024-03-06T03:00:00Z", "setpoint": 3.1294118}, {"datetime": "2024-03-06T04:00:00Z", "setpoint": 3.1294118}, {"datetime": "2024-03-06T05:00:00Z", "setpoint": 3.1294118}, {"datetime": "2024-03-06T06:00:00Z", "setpoint": 0.0}, {"datetime": "2024-03-06T07:00:00Z", "setpoint": 0.0}, {"datetime": "2024-03-06T08:00:00Z", "setpoint": 0.0}, {"datetime": "2024-03-06T09:00:00Z", "setpoint": 0.0}, {"datetime": "2024-03-06T10:00:00Z", "setpoint": 0.0}, {"datetime": "2024-03-06T11:00:00Z", "setpoint": 8.5}, {"datetime": "2024-03-06T12:00:00Z", "setpoint": 17.0}, {"datetime": "2024-03-06T13:00:00Z", "setpoint": 25.5}, {"datetime": "2024-03-06T14:00:00Z", "setpoint": 34.0}, {"datetime": "2024-03-06T15:00:00Z", "setpoint": 40.0}, {"datetime": "2024-03-06T16:00:00Z", "setpoint": 40.0}, {"datetime": "2024-03-06T17:00:00Z", "setpoint": 30.0}, {"datetime": "2024-03-06T18:00:00Z", "setpoint": 20.0}, {"datetime": "2024-03-06T19:00:00Z", "setpoint": 10.0}, {"datetime": "2024-03-06T20:00:00Z", "setpoint": 0.0}, {"datetime": "2024-03-06T21:00:00Z", "setpoint": 0.0}, {"datetime": "2024-03-06T22:00:00Z", "setpoint": 0.0}], "eDeg2": [{"datetime": "2024-03-05T23:00:00Z", "setpoint": 0.0}, {"datetime": "2024-03-06T00:00:00Z", "setpoint": 0.0}, {"datetime": "2024-03-06T01:00:00Z", "setpoint": 0.0}, {"datetime": "2024-03-06T02:00:00Z", "setpoint": 0.0}, {"datetime": "2024-03-06T03:00:00Z", "setpoint": 0.0}, {"datetime": "2024-03-06T04:00:00Z", "setpoint": 0.0}, {"datetime": "2024-03-06T05:00:00Z", "setpoint": 0.0}, {"datetime": "2024-03-06T06:00:00Z", "setpoint": 6.4584768e-05}, {"datetime": "2024-03-06T07:00:00Z", "setpoint": 0.0}, {"datetime": "2024-03-06T08:00:00Z", "setpoint": 0.0}, {"datetime": "2024-03-06T09:00:00Z", "setpoint": 0.0}, {"datetime": "2024-03-06T10:00:00Z", "setpoint": 0.0}, {"datetime": "2024-03-06T11:00:00Z", "setpoint": 0.0}, {"datetime": "2024-03-06T12:00:00Z", "setpoint": 0.0}, {"datetime": "2024-03-06T13:00:00Z", "setpoint": 0.0}, {"datetime": "2024-03-06T14:00:00Z", "setpoint": 0.0}, {"datetime": "2024-03-06T15:00:00Z", "setpoint": 0.0}, {"datetime": "2024-03-06T16:00:00Z", "setpoint": 0.0}, {"datetime": "2024-03-06T17:00:00Z", "setpoint": 0.0002063799}, {"datetime": "2024-03-06T18:00:00Z", "setpoint": 0.0002063799}, {"datetime": "2024-03-06T19:00:00Z", "setpoint": 0.0002063799}, {"datetime": "2024-03-06T20:00:00Z", "setpoint": 0.0002063799}, {"datetime": "2024-03-06T21:00:00Z", "setpoint": 0.0}, {"datetime": "2024-03-06T22:00:00Z", "setpoint": 0.0}], "pAbs": [{"datetime": "2024-03-05T23:00:00Z", "setpoint": 32.99}, {"datetime": "2024-03-06T00:00:00Z", "setpoint": 31.85}, {"datetime": "2024-03-06T01:00:00Z", "setpoint": 30.99}, {"datetime": "2024-03-06T02:00:00Z", "setpoint": 30.36}, {"datetime": "2024-03-06T03:00:00Z", "setpoint": 134.52166}, {"datetime": "2024-03-06T04:00:00Z", "setpoint": 36.933158}, {"datetime": "2024-03-06T05:00:00Z", "setpoint": 34.99}, {"datetime": "2024-03-06T06:00:00Z", "setpoint": 0.0}, {"datetime": "2024-03-06T07:00:00Z", "setpoint": 0.0}, {"datetime": "2024-03-06T08:00:00Z", "setpoint": 81.48}, {"datetime": "2024-03-06T09:00:00Z", "setpoint": 117.88}, {"datetime": "2024-03-06T10:00:00Z", "setpoint": 139.2}, {"datetime": "2024-03-06T11:00:00Z", "setpoint": 128.37}, {"datetime": "2024-03-06T12:00:00Z", "setpoint": 91.51}, {"datetime": "2024-03-06T13:00:00Z", "setpoint": 140.0}, {"datetime": "2024-03-06T14:00:00Z", "setpoint": 113.29316}, {"datetime": "2024-03-06T15:00:00Z", "setpoint": 88.288824}, {"datetime": "2024-03-06T16:00:00Z", "setpoint": 80.79}, {"datetime": "2024-03-06T17:00:00Z", "setpoint": 68.87}, {"datetime": "2024-03-06T18:00:00Z", "setpoint": 21.2}, {"datetime": "2024-03-06T19:00:00Z", "setpoint": 0.0}, {"datetime": "2024-03-06T20:00:00Z", "setpoint": 37.26}, {"datetime": "2024-03-06T21:00:00Z", "setpoint": 38.13}, {"datetime": "2024-03-06T22:00:00Z", "setpoint": 35.3}], "expectRevs": [{"datetime": "2024-03-05T23:00:00Z", "setpoint": 2342.29}, {"datetime": "2024-03-06T00:00:00Z", "setpoint": 1608.4250000000002}, {"datetime": "2024-03-06T01:00:00Z", "setpoint": 1565.3048999999999}, {"datetime": "2024-03-06T02:00:00Z", "setpoint": 1518.3036}, {"datetime": "2024-03-06T03:00:00Z", "setpoint": 5601.4819224}, {"datetime": "2024-03-06T04:00:00Z", "setpoint": 1847.0272315799998}, {"datetime": "2024-03-06T05:00:00Z", "setpoint": 1773.2932}, {"datetime": "2024-03-06T06:00:00Z", "setpoint": 0.0}, {"datetime": "2024-03-06T07:00:00Z", "setpoint": 0.0}, {"datetime": "2024-03-06T08:00:00Z", "setpoint": 2037.0}, {"datetime": "2024-03-06T09:00:00Z", "setpoint": 1678.6112}, {"datetime": "2024-03-06T10:00:00Z", "setpoint": 829.632}, {"datetime": "2024-03-06T11:00:00Z", "setpoint": 522.4659}, {"datetime": "2024-03-06T12:00:00Z", "setpoint": 356.889}, {"datetime": "2024-03-06T13:00:00Z", "setpoint": 541.8000000000001}, {"datetime": "2024-03-06T14:00:00Z", "setpoint": 441.843324}, {"datetime": "2024-03-06T15:00:00Z", "setpoint": 518.25539688}, {"datetime": "2024-03-06T16:00:00Z", "setpoint": 1514.8125000000002}, {"datetime": "2024-03-06T17:00:00Z", "setpoint": 2038.5520000000001}, {"datetime": "2024-03-06T18:00:00Z", "setpoint": 1070.176}, {"datetime": "2024-03-06T19:00:00Z", "setpoint": 0.0}, {"datetime": "2024-03-06T20:00:00Z", "setpoint": 1837.2906}, {"datetime": "2024-03-06T21:00:00Z", "setpoint": 1108.4391}, {"datetime": "2024-03-06T22:00:00Z", "setpoint": 764.598}], "Totaldeg": [{"datetime": "2024-03-05T23:00:00Z", "setpoint": 0.0}, {"datetime": "2024-03-06T00:00:00Z", "setpoint": 0.0}, {"datetime": "2024-03-06T01:00:00Z", "setpoint": 0.0}, {"datetime": "2024-03-06T02:00:00Z", "setpoint": 0.0}, {"datetime": "2024-03-06T03:00:00Z", "setpoint": 0.0}, {"datetime": "2024-03-06T04:00:00Z", "setpoint": 0.0}, {"datetime": "2024-03-06T05:00:00Z", "setpoint": 0.0}, {"datetime": "2024-03-06T06:00:00Z", "setpoint": 0.920256052776}, {"datetime": "2024-03-06T07:00:00Z", "setpoint": 1.2482956122}, {"datetime": "2024-03-06T08:00:00Z", "setpoint": 0.0}, {"datetime": "2024-03-06T09:00:00Z", "setpoint": 0.0}, {"datetime": "2024-03-06T10:00:00Z", "setpoint": 0.0}, {"datetime": "2024-03-06T11:00:00Z", "setpoint": 0.0}, {"datetime": "2024-03-06T12:00:00Z", "setpoint": 0.0}, {"datetime": "2024-03-06T13:00:00Z", "setpoint": 0.0}, {"datetime": "2024-03-06T14:00:00Z", "setpoint": 0.0}, {"datetime": "2024-03-06T15:00:00Z", "setpoint": 0.0}, {"datetime": "2024-03-06T16:00:00Z", "setpoint": 0.0}, {"datetime": "2024-03-06T17:00:00Z", "setpoint": 0.0633586293}, {"datetime": "2024-03-06T18:00:00Z", "setpoint": 1.0176183357}, {"datetime": "2024-03-06T19:00:00Z", "setpoint": 1.2578230640999999}, {"datetime": "2024-03-06T20:00:00Z", "setpoint": 0.0633586293}, {"datetime": "2024-03-06T21:00:00Z", "setpoint": 0.0}, {"datetime": "2024-03-06T22:00:00Z", "setpoint": 0.0}], "Total": [{"datetime": "2024-03-05T23:00:00Z", "setpoint": 2342.29}, {"datetime": "2024-03-06T00:00:00Z", "setpoint": 1608.4250000000002}, {"datetime": "2024-03-06T01:00:00Z", "setpoint": 1565.3048999999999}, {"datetime": "2024-03-06T02:00:00Z", "setpoint": 1518.3036}, {"datetime": "2024-03-06T03:00:00Z", "setpoint": 5601.4819224}, {"datetime": "2024-03-06T04:00:00Z", "setpoint": 1847.0272315799998}, {"datetime": "2024-03-06T05:00:00Z", "setpoint": 1773.2932}, {"datetime": "2024-03-06T06:00:00Z", "setpoint": 0.920256052776}, {"datetime": "2024-03-06T07:00:00Z", "setpoint": 1.2482956122}, {"datetime": "2024-03-06T08:00:00Z", "setpoint": 2037.0}, {"datetime": "2024-03-06T09:00:00Z", "setpoint": 1678.6112}, {"datetime": "2024-03-06T10:00:00Z", "setpoint": 829.632}, {"datetime": "2024-03-06T11:00:00Z", "setpoint": 522.4659}, {"datetime": "2024-03-06T12:00:00Z", "setpoint": 356.889}, {"datetime": "2024-03-06T13:00:00Z", "setpoint": 541.8000000000001}, {"datetime": "2024-03-06T14:00:00Z", "setpoint": 441.843324}, {"datetime": "2024-03-06T15:00:00Z", "setpoint": 518.25539688}, {"datetime": "2024-03-06T16:00:00Z", "setpoint": 1514.8125000000002}, {"datetime": "2024-03-06T17:00:00Z", "setpoint": 2038.6153586293}, {"datetime": "2024-03-06T18:00:00Z", "setpoint": 1071.1936183357}, {"datetime": "2024-03-06T19:00:00Z", "setpoint": 1.2578230640999999}, {"datetime": "2024-03-06T20:00:00Z", "setpoint": 1837.3539586293}, {"datetime": "2024-03-06T21:00:00Z", "setpoint": 1108.4391}, {"datetime": "2024-03-06T22:00:00Z", "setpoint": 764.598}], "Merge": [{"datetime": "2024-03-05T23:00:00Z", "setpoint": 0.0}, {"datetime": "2024-03-06T00:00:00Z", "setpoint": 0.0}, {"datetime": "2024-03-06T01:00:00Z", "setpoint": 0.0}, {"datetime": "2024-03-06T02:00:00Z", "setpoint": 0.0}, {"datetime": "2024-03-06T03:00:00Z", "setpoint": 100.0}, {"datetime": "2024-03-06T04:00:00Z", "setpoint": 5.2631579}, {"datetime": "2024-03-06T05:00:00Z", "setpoint": 0.0}, {"datetime": "2024-03-06T06:00:00Z", "setpoint": -39.81}, {"datetime": "2024-03-06T07:00:00Z", "setpoint": -55.19}, {"datetime": "2024-03-06T08:00:00Z", "setpoint": 0.0}, {"datetime": "2024-03-06T09:00:00Z", "setpoint": 0.0}, {"datetime": "2024-03-06T10:00:00Z", "setpoint": 0.0}, {"datetime": "2024-03-06T11:00:00Z", "setpoint": 0.0}, {"datetime": "2024-03-06T12:00:00Z", "setpoint": 0.0}, {"datetime": "2024-03-06T13:00:00Z", "setpoint": 68.88}, {"datetime": "2024-03-06T14:00:00Z", "setpoint": 36.383158}, {"datetime": "2024-03-06T15:00:00Z", "setpoint": 0.0}, {"datetime": "2024-03-06T16:00:00Z", "setpoint": 0.0}, {"datetime": "2024-03-06T17:00:00Z", "setpoint": 0.0}, {"datetime": "2024-03-06T18:00:00Z", "setpoint": -42.19}, {"datetime": "2024-03-06T19:00:00Z", "setpoint": -52.81}, {"datetime": "2024-03-06T20:00:00Z", "setpoint": 0.0}, {"datetime": "2024-03-06T21:00:00Z", "setpoint": 0.0}, {"datetime": "2024-03-06T22:00:00Z", "setpoint": 0.0}]}