date;Charging Station;Duration (min);Total Energy (kWh);Nº cartão EVIO;Plus;Temp
2023-02-01;CAP_SON_MAI_00004;1.017;0.04;29;0.0;9.0
2023-02-01;CAP_SON_MAI_00010;225.967;12.61;87;0.0;9.0
2023-02-01;CAP_SON_MAI_00003;211.817;11.955;50;0.0;9.0
2023-02-01;CAP_SON_MAI_00004;232.767;41.44;29;0.0;9.0
2023-02-01;CAP_SON_MAI_00004;162.833;8.99;76;0.0;9.0
2023-02-01;CAP_SON_MAI_00001;294.617;9.22;-;0.0;9.0
2023-02-02;CAP_SON_MAI_00003;0.0;0.0;46;0.0;10.25
2023-02-02;CAP_SON_MAI_00004;91.317;10.51;-;0.0;10.25
2023-02-02;CAP_SON_MAI_00004;0.65;0.0;-;0.0;10.25
2023-02-02;CAP_SON_MAI_00004;156.8;9.53;76;0.0;10.25
2023-02-03;CAP_SON_MAI_00004;143.1;23.82;29;0.0;10.5
2023-02-03;CAP_SON_MAI_00004;205.2;11.5;76;0.0;10.5
2023-02-03;CAP_SON_MAI_00001;362.567;10.31;35;0.0;10.5
2023-02-03;CAP_SON_MAI_00001;260.867;8.75;-;0.0;10.5
2023-02-03;CAP_SON_MAI_00003;306.3;12.914;50;0.0;10.5
2023-02-06;CAP_SON_MAI_00003;280.0;12.633;50;0.0;11.25
2023-02-06;CAP_SON_MAI_00004;91.467;10.41;-;0.0;11.25
2023-02-06;CAP_SON_MAI_00001;699.233;26.7;1;0.0;11.25
2023-02-06;CAP_SON_MAI_00004;96.55;11.0;76;0.0;11.25
2023-02-06;CAP_SON_MAI_00004;0.15;0.0;30;0.0;11.25
2023-02-06;CAP_SON_MAI_00004;0.217;0.0;30;0.0;11.25
2023-02-06;CAP_SON_MAI_00004;0.15;0.0;30;0.0;11.25
2023-02-06;CAP_SON_MAI_00003;310.733;12.451;5;0.0;11.25
2023-02-06;CAP_SON_MAI_00010;634.417;11.68;76;0.0;11.25
2023-02-07;CAP_SON_MAI_00003;579.533;12.794;51;0.0;10.0
2023-02-07;CAP_SON_MAI_00003;685.583;10.821;5;0.0;10.0
2023-02-07;CAP_SON_MAI_00010;250.2;32.24;-;0.0;10.0
2023-02-07;CAP_SON_MAI_00004;145.167;7.86;76;0.0;10.0
2023-02-07;CAP_SON_MAI_00010;262.783;10.57;-;0.0;10.0
2023-02-08;CAP_SON_MAI_00001;571.833;12.52;55;0.0;10.5
2023-02-08;CAP_SON_MAI_00004;122.35;7.05;87;0.0;10.5
2023-02-08;CAP_SON_MAI_00010;397.35;10.68;35;0.0;10.5
2023-02-08;CAP_SON_MAI_00004;160.6;8.86;76;0.0;10.5
2023-02-08;CAP_SON_MAI_00004;71.967;8.45;-;0.0;10.5
2023-02-09;CAP_SON_MAI_00010;638.25;12.39;55;0.0;11.5
2023-02-09;CAP_SON_MAI_00003;223.617;12.831;5;0.0;11.5
2023-02-10;CAP_SON_MAI_00004;188.333;10.57;76;0.0;10.25
2023-02-10;CAP_SON_MAI_00001;581.35;9.3;55;0.0;10.25
2023-02-10;CAP_SON_MAI_00004;63.567;7.59;-;0.0;10.25
2023-02-10;CAP_SON_MAI_00004;8.083;0.85;46;0.0;10.25
2023-02-10;CAP_SON_MAI_00003;238.9;12.696;50;0.0;10.25
2023-02-13;CAP_SON_MAI_00004;108.7;12.36;87;0.0;13.0
2023-02-13;CAP_SON_MAI_00003;580.0;9.111;51;0.0;13.0
2023-02-13;CAP_SON_MAI_00010;0.083;0.0;1;0.0;13.0
2023-02-13;CAP_SON_MAI_00003;2.117;0.077;51;0.0;13.0
2023-02-13;CAP_SON_MAI_00010;268.833;46.69;29;0.0;13.0
2023-02-13;CAP_SON_MAI_00010;0.217;0.0;29;0.0;13.0
2023-02-13;CAP_SON_MAI_00003;0.933;0.026;51;0.0;13.0
2023-02-14;CAP_SON_MAI_00004;63.267;7.43;1;0.0;13.75
2023-02-14;CAP_SON_MAI_00010;67.467;3.9;50;0.0;13.75
2023-02-14;CAP_SON_MAI_00010;0.1;0.0;50;0.0;13.75
2023-02-14;CAP_SON_MAI_00004;173.15;9.85;4;0.0;13.75
2023-02-14;CAP_SON_MAI_00010;0.083;0.0;50;0.0;13.75
2023-02-14;CAP_SON_MAI_00003;331.383;12.403;55;0.0;13.75
2023-02-14;CAP_SON_MAI_00010;254.583;7.49;76;0.0;13.75
2023-02-14;CAP_SON_MAI_00001;440.783;25.51;1;0.0;13.75
2023-02-14;CAP_SON_MAI_00003;613.733;4.05;51;0.0;13.75
2023-02-14;CAP_SON_MAI_00004;79.867;9.32;46;0.0;13.75
2023-02-14;CAP_SON_MAI_00003;250.7;10.811;29;0.0;13.75
2023-02-14;CAP_SON_MAI_00010;260.083;4.78;46;0.0;13.75
2023-02-15;CAP_SON_MAI_00010;336.067;42.31;29;0.0;14.0
2023-02-15;CAP_SON_MAI_00001;583.55;8.9;55;0.0;14.0
2023-02-15;CAP_SON_MAI_00010;655.283;9.94;76;0.0;14.0
2023-02-15;CAP_SON_MAI_00004;183.6;10.47;35;0.0;14.0
2023-02-15;CAP_SON_MAI_00003;382.233;9.536;1;0.0;14.0
2023-02-16;CAP_SON_MAI_00010;634.233;12.41;55;0.0;14.0
2023-02-16;CAP_SON_MAI_00004;186.917;10.54;35;0.0;14.0
2023-02-16;CAP_SON_MAI_00003;564.35;8.446;51;0.0;14.0
2023-02-17;CAP_SON_MAI_00004;180.733;10.49;35;0.0;14.5
2023-02-17;CAP_SON_MAI_00010;131.05;16.46;-;0.0;14.5
2023-02-17;CAP_SON_MAI_00001;256.0;9.81;55;0.0;14.5
2023-02-17;CAP_SON_MAI_00010;0.4;0.0;76;0.0;14.5
2023-02-17;CAP_SON_MAI_00010;276.633;4.86;55;0.0;14.5
2023-02-17;CAP_SON_MAI_00004;61.533;11.23;-;0.0;14.5
2023-02-17;CAP_SON_MAI_00002;86.167;51.14;-;0.0;14.5
2023-02-20;CAP_SON_MAI_00001;499.133;11.7;87;0.0;14.5
2023-02-20;CAP_SON_MAI_00010;261.0;12.34;55;0.0;14.5
2023-02-20;CAP_SON_MAI_00003;118.033;6.737;5;0.0;14.5
2023-02-22;CAP_SON_MAI_00001;262.967;12.5;5;0.0;12.5
2023-02-22;CAP_SON_MAI_00001;628.267;12.47;55;0.0;12.5
2023-02-22;CAP_SON_MAI_00003;84.4;4.882;35;0.0;12.5
2023-02-23;CAP_SON_MAI_00010;109.45;10.69;46;0.0;9.25
2023-02-23;CAP_SON_MAI_00001;381.75;7.42;5;0.0;9.25
2023-02-23;CAP_SON_MAI_00004;0.65;0.0;55;0.0;9.25
2023-02-23;CAP_SON_MAI_00010;0.1;0.0;35;0.0;9.25
2023-02-23;CAP_SON_MAI_00010;175.35;10.33;35;0.0;9.25
2023-02-23;CAP_SON_MAI_00004;168.417;9.6;4;0.0;9.25
2023-02-24;CAP_SON_MAI_00010;0.083;0.0;55;0.0;7.75
2023-02-24;CAP_SON_MAI_00010;569.25;9.98;55;0.0;7.75
2023-02-27;CAP_SON_MAI_00004;211.233;12.11;76;0.0;9.5
2023-02-27;CAP_SON_MAI_00010;700.583;12.42;55;0.0;9.5
2023-02-27;CAP_SON_MAI_00004;181.783;10.03;4;0.0;9.5
2023-02-27;CAP_SON_MAI_00004;221.317;12.76;50;0.0;9.5
2023-02-28;CAP_SON_MAI_00004;187.017;10.5;35;0.0;8.75
2023-02-28;CAP_SON_MAI_00001;289.65;12.43;50;0.0;8.75
2023-02-28;CAP_SON_MAI_00002;47.867;48.04;29;0.0;8.75
2023-02-28;CAP_SON_MAI_00004;171.65;9.71;4;0.0;8.75
2023-03-01;CAP_SON_MAI_00004;146.65;17.22;1;0.0;7.75
2023-03-01;CAP_SON_MAI_00010;0.133;0.0;87;0.0;7.75
2023-03-01;CAP_SON_MAI_00010;0.4;0.0;87;0.0;7.75
2023-03-01;CAP_SON_MAI_00010;337.9;11.85;87;0.0;7.75
2023-03-01;CAP_SON_MAI_00001;579.483;12.53;55;0.0;7.75
2023-03-02;CAP_SON_MAI_00004;187.683;10.38;76;0.0;8.5
2023-03-02;CAP_SON_MAI_00001;405.233;12.74;51;0.0;8.5
2023-03-03;CAP_SON_MAI_00004;80.783;9.5;1;0.0;9.25
2023-03-03;CAP_SON_MAI_00004;77.333;8.74;46;0.0;9.25
2023-03-03;CAP_SON_MAI_00001;261.433;10.47;55;0.0;9.25
2023-03-03;CAP_SON_MAI_00004;286.383;17.29;1;0.0;9.25
2023-03-03;CAP_SON_MAI_00004;188.35;10.6;35;0.0;9.25
2023-03-03;CAP_SON_MAI_00004;86.117;10.08;1;0.0;9.25
2023-03-03;CAP_SON_MAI_00002;52.567;46.92;144;0.0;9.25
2023-03-06;CAP_SON_MAI_00010;302.967;11.77;76;0.07500000000000001;12.0
2023-03-06;CAP_SON_MAI_00004;250.533;40.94;144;0.07500000000000001;12.0
2023-03-06;CAP_SON_MAI_00004;0.15;0.0;30;0.07500000000000001;12.0
2023-03-06;CAP_SON_MAI_00001;294.433;12.55;55;0.07500000000000001;12.0
2023-03-06;CAP_SON_MAI_00004;189.533;10.43;35;0.07500000000000001;12.0
2023-03-06;CAP_SON_MAI_00004;0.15;0.0;30;0.07500000000000001;12.0
2023-03-06;CAP_SON_MAI_00004;0.3;0.01;30;0.07500000000000001;12.0
2023-03-06;CAP_SON_MAI_00004;0.133;0.0;30;0.07500000000000001;12.0
2023-03-06;CAP_SON_MAI_00004;0.283;0.01;30;0.07500000000000001;12.0
2023-03-06;CAP_SON_MAI_00004;0.15;0.0;30;0.07500000000000001;12.0
2023-03-06;CAP_SON_MAI_00004;0.217;0.01;30;0.07500000000000001;12.0
2023-03-06;CAP_SON_MAI_00004;0.15;0.0;30;0.07500000000000001;12.0
2023-03-06;CAP_SON_MAI_00004;0.3;0.0;30;0.07500000000000001;12.0
2023-03-07;CAP_SON_MAI_00004;71.733;8.2;46;0.025;13.5
2023-03-07;CAP_SON_MAI_00010;308.7;11.91;76;0.025;13.5
2023-03-07;CAP_SON_MAI_00001;631.8;12.05;87;0.025;13.5
2023-03-07;CAP_SON_MAI_00004;171.6;9.66;4;0.025;13.5
2023-03-08;CAP_SON_MAI_00004;190.867;32.8;144;0.15;14.25
2023-03-08;CAP_SON_MAI_00002;47.533;35.95;29;0.15;14.25
2023-03-08;CAP_SON_MAI_00004;0.15;0.0;29;0.15;14.25
2023-03-08;CAP_SON_MAI_00001;588.933;12.61;55;0.15;14.25
2023-03-08;CAP_SON_MAI_00004;183.567;10.4;35;0.15;14.25
2023-03-08;CAP_SON_MAI_00004;0.867;0.04;29;0.15;14.25
2023-03-09;CAP_SON_MAI_00004;1.8;0.1;29;0.2;14.0
2023-03-09;CAP_SON_MAI_00002;10.533;15.83;29;0.2;14.0
2023-03-09;CAP_SON_MAI_00004;153.083;26.52;29;0.2;14.0
2023-03-09;CAP_SON_MAI_00001;213.8;4.37;55;0.2;14.0
2023-03-09;CAP_SON_MAI_00004;179.75;10.34;35;0.2;14.0
2023-03-09;CAP_SON_MAI_00002;28.267;34.96;29;0.2;14.0
2023-03-10;CAP_SON_MAI_00004;211.1;12.55;50;0.0;14.0
2023-03-10;CAP_SON_MAI_00001;572.55;7.98;55;0.0;14.0
2023-03-10;CAP_SON_MAI_00010;0.083;0.0;50;0.0;14.0
2023-03-10;CAP_SON_MAI_00010;326.783;11.71;76;0.0;14.0
2023-03-10;CAP_SON_MAI_00004;161.967;27.92;144;0.0;14.0
2023-03-10;CAP_SON_MAI_00010;0.117;0.0;76;0.0;14.0
2023-03-10;CAP_SON_MAI_00004;176.733;9.97;4;0.0;14.0
2023-03-13;CAP_SON_MAI_00002;63.7;61.02;-;0.1;13.5
2023-03-13;CAP_SON_MAI_00004;187.3;10.69;35;0.1;13.5
2023-03-13;CAP_SON_MAI_00001;621.867;12.79;51;0.1;13.5
2023-03-14;CAP_SON_MAI_00004;130.55;7.19;76;0.0;13.0
2023-03-14;CAP_SON_MAI_00001;3.983;0.31;55;0.0;13.0
2023-03-14;CAP_SON_MAI_00010;307.767;7.85;29;0.0;13.0
2023-03-14;CAP_SON_MAI_00010;265.967;47.46;55;0.0;13.0
2023-03-14;CAP_SON_MAI_00004;161.15;9.7;4;0.0;13.0
2023-03-15;CAP_SON_MAI_00004;193.667;11.3;76;0.0;13.0
2023-03-15;CAP_SON_MAI_00001;222.817;12.48;50;0.0;13.0
2023-03-15;CAP_SON_MAI_00001;371.467;23.8;29;0.0;13.0
2023-03-15;CAP_SON_MAI_00004;0.717;0.0;55;0.0;13.0
2023-03-15;CAP_SON_MAI_00010;373.033;0.0;55;0.0;13.0
2023-03-15;CAP_SON_MAI_00004;177.55;10.35;35;0.0;13.0
2023-03-15;CAP_SON_MAI_00004;43.65;5.19;55;0.0;13.0
2023-03-16;CAP_SON_MAI_00001;576.717;12.45;55;0.2;13.5
2023-03-16;CAP_SON_MAI_00001;310.967;10.04;4;0.2;13.5
2023-03-17;CAP_SON_MAI_00004;243.683;43.61;29;0.2;13.0
2023-03-17;CAP_SON_MAI_00004;183.267;10.53;35;0.2;13.0
2023-03-17;CAP_SON_MAI_00001;1.35;0.04;51;0.2;13.0
2023-03-17;CAP_SON_MAI_00001;550.95;8.86;51;0.2;13.0
2023-03-17;CAP_SON_MAI_00001;613.567;12.04;87;0.2;13.0
2023-03-17;CAP_SON_MAI_00004;92.517;15.51;144;0.2;13.0
2023-03-19;CAP_SON_MAI_00002;39.767;47.79;144;0.0;12.5
2023-03-20;CAP_SON_MAI_00010;309.467;10.73;46;0.0;13.5
2023-03-20;CAP_SON_MAI_00004;104.417;12.3;55;0.0;13.5
2023-03-20;CAP_SON_MAI_00002;53.783;51.23;144;0.0;13.5
2023-03-20;CAP_SON_MAI_00004;58.817;9.64;29;0.0;13.5
2023-03-20;CAP_SON_MAI_00004;207.717;11.98;76;0.0;13.5
2023-03-20;CAP_SON_MAI_00010;306.167;10.67;35;0.0;13.5
2023-03-20;CAP_SON_MAI_00002;10.033;7.4;144;0.0;13.5
2023-03-20;CAP_SON_MAI_00002;32.433;44.21;29;0.0;13.5
2023-03-20;CAP_SON_MAI_00001;599.383;12.33;51;0.0;13.5
2023-03-21;CAP_SON_MAI_00004;96.033;11.29;55;0.0;13.75
2023-03-21;CAP_SON_MAI_00004;81.133;9.72;46;0.0;13.75
2023-03-21;CAP_SON_MAI_00001;369.25;6.81;87;0.0;13.75
2023-03-22;CAP_SON_MAI_00001;275.817;11.84;87;0.0;12.75
2023-03-22;CAP_SON_MAI_00010;162.917;9.79;35;0.0;12.75
2023-03-22;CAP_SON_MAI_00001;296.8;11.52;76;0.0;12.75
2023-03-23;CAP_SON_MAI_00004;199.267;11.68;76;0.0;13.5
2023-03-23;CAP_SON_MAI_00004;104.35;12.29;55;0.0;13.5
2023-03-23;CAP_SON_MAI_00004;182.35;10.35;35;0.0;13.5
2023-03-23;CAP_SON_MAI_00004;242.65;44.01;144;0.0;13.5
2023-03-23;CAP_SON_MAI_00010;290.367;10.85;46;0.0;13.5
2023-03-23;CAP_SON_MAI_00001;559.0;12.83;51;0.0;13.5
2023-03-24;CAP_SON_MAI_00004;176.517;10.35;35;0.025;14.25
2023-03-24;CAP_SON_MAI_00010;299.183;10.84;46;0.025;14.25
2023-03-24;CAP_SON_MAI_00001;0.217;0.01;30;0.025;14.25
2023-03-24;CAP_SON_MAI_00004;154.983;8.82;76;0.025;14.25
2023-03-24;CAP_SON_MAI_00001;242.633;16.5;144;0.025;14.25
2023-03-24;CAP_SON_MAI_00004;86.567;10.39;55;0.025;14.25
2023-03-24;CAP_SON_MAI_00010;70.033;4.13;50;0.025;14.25
2023-03-25;CAP_SON_MAI_00002;51.767;49.48;144;0.0;12.75
2023-03-25;CAP_SON_MAI_00002;29.35;44.63;29;0.0;12.75
2023-03-25;CAP_SON_MAI_00002;8.15;3.65;29;0.0;12.75
2023-03-27;CAP_SON_MAI_00004;104.383;12.38;55;0.0;13.5
2023-03-27;CAP_SON_MAI_00002;53.317;47.71;144;0.0;13.5
2023-03-27;CAP_SON_MAI_00004;60.633;7.071;55;0.0;13.5
2023-03-27;CAP_SON_MAI_00004;182.05;10.58;4;0.0;13.5
2023-03-27;CAP_SON_MAI_00002;19.783;21.42;29;0.0;13.5
2023-03-28;CAP_SON_MAI_00004;141.9;8.08;35;0.0;16.0
2023-03-28;CAP_SON_MAI_00010;266.75;11.63;87;0.0;16.0
2023-03-28;CAP_SON_MAI_00001;206.967;10.41;-;0.0;16.0
2023-03-28;CAP_SON_MAI_00001;213.733;5.07;-;0.0;16.0
2023-03-28;CAP_SON_MAI_00010;307.717;4.69;87;0.0;16.0
2023-03-29;CAP_SON_MAI_00002;25.367;8.0;29;0.0;16.5
2023-03-29;CAP_SON_MAI_00004;251.567;46.07;29;0.0;16.5
2023-03-29;CAP_SON_MAI_00010;273.5;12.66;50;0.0;16.5
2023-03-29;CAP_SON_MAI_00001;111.117;12.6;0;0.0;16.5
2023-03-29;CAP_SON_MAI_00001;599.767;12.51;55;0.0;16.5
2023-03-29;CAP_SON_MAI_00010;253.433;10.82;76;0.0;16.5
2023-03-29;CAP_SON_MAI_00004;173.867;9.82;4;0.0;16.5
2023-03-29;CAP_SON_MAI_00004;26.017;4.61;144;0.0;16.5
2023-03-30;CAP_SON_MAI_00001;654.7;12.54;55;0.0;15.0
2023-03-30;CAP_SON_MAI_00010;313.95;11.98;87;0.0;15.0
2023-03-30;CAP_SON_MAI_00004;163.267;9.53;35;0.0;15.0
2023-03-30;CAP_SON_MAI_00010;300.117;9.68;-;0.0;15.0
2023-03-31;CAP_SON_MAI_00001;124.867;12.56;55;0.0;15.25
2023-03-31;CAP_SON_MAI_00010;288.5;48.17;0;0.0;15.25
2023-03-31;CAP_SON_MAI_00004;151.833;8.89;50;0.0;15.25
2023-03-31;CAP_SON_MAI_00010;533.05;12.13;1;0.0;15.25
2023-03-31;CAP_SON_MAI_00010;8.283;1.23;0;0.0;15.25
2023-03-31;CAP_SON_MAI_00004;105.35;12.26;0;0.0;15.25
2023-03-31;CAP_SON_MAI_00004;0.517;0.03;1;0.0;15.25
2023-03-31;CAP_SON_MAI_00004;174.467;14.8;1;0.0;15.25
2023-03-31;CAP_SON_MAI_00010;0.1;0.0;87;0.0;15.25
2023-04-02;CAP_SON_MAI_00002;12.717;24.29;144;0.0;12.75
2023-04-03;CAP_SON_MAI_00004;202.0;11.53;76;0.0;14.25
2023-04-03;CAP_SON_MAI_00010;298.967;43.8;0;0.0;14.25
2023-04-03;CAP_SON_MAI_00010;267.417;10.76;46;0.0;14.25
2023-04-03;CAP_SON_MAI_00001;593.833;12.51;55;0.0;14.25
2023-04-03;CAP_SON_MAI_00001;484.3;12.26;50;0.0;14.25
2023-04-03;CAP_SON_MAI_00004;0.433;0.0;-;0.0;14.25
2023-04-03;CAP_SON_MAI_00004;141.233;24.56;144;0.0;14.25
2023-04-03;CAP_SON_MAI_00004;50.133;5.92;1;0.0;14.25
2023-04-04;CAP_SON_MAI_00004;180.567;10.56;35;0.0;17.25
2023-04-04;CAP_SON_MAI_00010;240.133;11.81;-;0.0;17.25
2023-04-04;CAP_SON_MAI_00004;148.267;8.179;-;0.0;17.25
2023-04-05;CAP_SON_MAI_00010;295.833;12.48;50;0.0;16.25
2023-04-05;CAP_SON_MAI_00010;0.4;0.0;-;0.0;16.25
2023-04-05;CAP_SON_MAI_00010;0.417;0.0;-;0.0;16.25
2023-04-05;CAP_SON_MAI_00010;0.417;0.0;-;0.0;16.25
2023-04-05;CAP_SON_MAI_00004;107.833;5.901;4;0.0;16.25
2023-04-05;CAP_SON_MAI_00010;506.8;51.27;0;0.0;16.25
2023-04-05;CAP_SON_MAI_00010;269.2;8.07;-;0.0;16.25
2023-04-05;CAP_SON_MAI_00001;666.9;48.0;29;0.0;16.25
2023-04-05;CAP_SON_MAI_00004;151.917;8.72;76;0.0;16.25
2023-04-06;CAP_SON_MAI_00004;142.117;7.84;4;0.0;17.5
2023-04-06;CAP_SON_MAI_00004;145.767;8.8;35;0.0;17.5
2023-04-06;CAP_SON_MAI_00010;307.733;3.19;55;0.0;17.5
2023-04-06;CAP_SON_MAI_00001;281.8;29.33;0;0.0;17.5
2023-04-06;CAP_SON_MAI_00010;255.25;12.35;55;0.0;17.5
2023-04-10;CAP_SON_MAI_00010;275.117;39.74;0;0.0;14.75
2023-04-10;CAP_SON_MAI_00010;570.65;12.27;55;0.0;14.75
2023-04-10;CAP_SON_MAI_00001;276.55;12.57;50;0.0;14.75
2023-04-11;CAP_SON_MAI_00010;303.083;49.16;29;0.0;14.75
2023-04-11;CAP_SON_MAI_00004;101.367;17.07;0;0.0;14.75
2023-04-11;CAP_SON_MAI_00010;1.067;0.08;46;0.0;14.75
2023-04-11;CAP_SON_MAI_00010;299.55;10.8;46;0.0;14.75
2023-04-11;CAP_SON_MAI_00004;103.533;12.239;55;0.0;14.75
2023-04-11;CAP_SON_MAI_00004;1.15;0.02;4;0.0;14.75
2023-04-12;CAP_SON_MAI_00010;280.083;11.69;76;0.1;13.0
2023-04-12;CAP_SON_MAI_00004;111.583;13.64;1;0.1;13.0
2023-04-12;CAP_SON_MAI_00004;169.5;9.79;4;0.1;13.0
2023-04-12;CAP_SON_MAI_00001;152.333;8.96;5;0.1;13.0
2023-04-12;CAP_SON_MAI_00010;287.417;26.07;0;0.1;13.0
2023-04-12;CAP_SON_MAI_00010;376.733;10.61;46;0.1;13.0
2023-04-13;CAP_SON_MAI_00010;664.517;7.26;55;0.05;13.0
2023-04-13;CAP_SON_MAI_00004;301.967;53.84;144;0.05;13.0
2023-04-13;CAP_SON_MAI_00010;642.3;10.43;35;0.05;13.0
2023-04-13;CAP_SON_MAI_00001;196.867;11.41;59;0.05;13.0
2023-04-13;CAP_SON_MAI_00001;260.283;12.3;5;0.05;13.0
2023-04-13;CAP_SON_MAI_00001;346.433;12.61;50;0.05;13.0
2023-04-14;CAP_SON_MAI_00001;376.533;7.27;55;0.1;13.75
2023-04-14;CAP_SON_MAI_00010;138.217;25.89;144;0.1;13.75
2023-04-14;CAP_SON_MAI_00004;0.65;0.0;50;0.1;13.75
2023-04-14;CAP_SON_MAI_00004;207.267;12.65;50;0.1;13.75
2023-04-14;CAP_SON_MAI_00004;44.917;5.35;55;0.1;13.75
2023-04-16;CAP_SON_MAI_00002;37.617;47.38;0;0.0;17.25
2023-04-17;CAP_SON_MAI_00010;310.9;11.75;76;0.0;19.5
2023-04-17;CAP_SON_MAI_00001;204.833;24.4;144;0.0;19.5
2023-04-17;CAP_SON_MAI_00004;100.183;12.19;55;0.0;19.5
2023-04-17;CAP_SON_MAI_00010;280.717;10.92;35;0.0;19.5
2023-04-17;CAP_SON_MAI_00001;228.667;27.4;144;0.0;19.5
2023-04-17;CAP_SON_MAI_00010;345.5;10.28;4;0.0;19.5
2023-04-17;CAP_SON_MAI_00002;15.2;17.35;29;0.0;19.5
2023-04-18;CAP_SON_MAI_00010;169.067;10.43;59;0.0;19.25
2023-04-18;CAP_SON_MAI_00001;551.367;12.41;50;0.0;19.25
2023-04-18;CAP_SON_MAI_00010;306.033;10.82;46;0.0;19.25
2023-04-18;CAP_SON_MAI_00004;178.333;10.49;35;0.0;19.25
2023-04-18;CAP_SON_MAI_00004;140.85;26.26;29;0.0;19.25
2023-04-18;CAP_SON_MAI_00001;632.083;11.91;55;0.0;19.25
2023-04-19;CAP_SON_MAI_00010;325.483;11.68;76;0.0;17.0
2023-04-19;CAP_SON_MAI_00004;0.65;0.0;50;0.0;17.0
2023-04-19;CAP_SON_MAI_00004;0.65;0.0;50;0.0;17.0
2023-04-19;CAP_SON_MAI_00004;199.1;12.28;50;0.0;17.0
2023-04-19;CAP_SON_MAI_00004;101.333;17.95;29;0.0;17.0
2023-04-20;CAP_SON_MAI_00010;124.55;7.59;59;0.0;14.75
2023-04-20;CAP_SON_MAI_00004;166.0;9.62;76;0.0;14.75
2023-04-20;CAP_SON_MAI_00004;286.133;53.17;29;0.0;14.75
2023-04-20;CAP_SON_MAI_00002;53.633;49.0;144;0.0;14.75
2023-04-20;CAP_SON_MAI_00001;519.6;10.25;-;0.0;14.75
2023-04-21;CAP_SON_MAI_00004;71.2;8.44;55;0.25;13.0
2023-04-21;CAP_SON_MAI_00010;260.767;10.06;46;0.25;13.0
2023-04-21;CAP_SON_MAI_00004;64.833;10.78;144;0.25;13.0
2023-04-24;CAP_SON_MAI_00004;207.833;11.89;76;0.025;16.5
2023-04-26;CAP_SON_MAI_00010;254.033;10.76;46;0.0;17.5
2023-04-26;CAP_SON_MAI_00010;0.067;0.0;29;0.0;17.5
2023-04-26;CAP_SON_MAI_00004;287.367;53.18;29;0.0;17.5
2023-04-26;CAP_SON_MAI_00010;293.317;10.24;4;0.0;17.5
2023-04-26;CAP_SON_MAI_00004;165.667;10.17;59;0.0;17.5
2023-04-27;CAP_SON_MAI_00001;193.817;11.77;76;0.0;19.0
2023-04-27;CAP_SON_MAI_00001;238.133;14.68;1;0.0;19.0
2023-04-27;CAP_SON_MAI_00004;261.217;49.29;144;0.0;19.0
2023-04-27;CAP_SON_MAI_00004;181.433;10.29;-;0.0;19.0
2023-04-30;CAP_SON_MAI_00002;35.8;44.62;144;0.0;17.5
2023-05-02;CAP_SON_MAI_00004;24.567;4.32;29;0.0;20.0
2023-05-02;CAP_SON_MAI_00001;257.533;10.27;-;0.0;20.0
2023-05-02;CAP_SON_MAI_00004;229.267;43.58;29;0.0;20.0
2023-05-02;CAP_SON_MAI_00004;212.55;12.9;59;0.0;20.0
2023-05-02;CAP_SON_MAI_00001;215.183;4.98;-;0.0;20.0
2023-05-02;CAP_SON_MAI_00010;235.117;44.26;144;0.0;20.0
2023-05-03;CAP_SON_MAI_00004;206.667;25.45;1;0.1;18.5
2023-05-03;CAP_SON_MAI_00001;251.333;12.34;50;0.1;18.5
2023-05-04;CAP_SON_MAI_00004;175.583;10.43;35;0.15;16.25
2023-05-04;CAP_SON_MAI_00001;224.933;13.02;59;0.15;16.25
2023-05-04;CAP_SON_MAI_00010;347.533;12.43;50;0.15;16.25
2023-05-05;CAP_SON_MAI_00001;207.317;12.46;5;0.025;16.25
2023-05-05;CAP_SON_MAI_00001;326.167;6.86;-;0.025;16.25
2023-05-05;CAP_SON_MAI_00010;202.35;10.76;46;0.025;16.25
2023-05-08;CAP_SON_MAI_00004;260.017;47.33;29;0.0;17.0
2023-05-08;CAP_SON_MAI_00010;152.817;10.72;46;0.0;17.0
2023-05-08;CAP_SON_MAI_00001;507.4;10.22;-;0.0;17.0
2023-05-08;CAP_SON_MAI_00010;139.333;8.07;76;0.0;17.0
2023-05-08;CAP_SON_MAI_00010;142.9;3.46;76;0.0;17.0
2023-05-08;CAP_SON_MAI_00010;0.583;0.0;-;0.0;17.0
2023-05-08;CAP_SON_MAI_00010;195.8;12.24;-;0.0;17.0
2023-05-09;CAP_SON_MAI_00004;152.883;18.3;-;0.075;17.75
2023-05-09;CAP_SON_MAI_00004;3.533;0.19;-;0.075;17.75
2023-05-09;CAP_SON_MAI_00004;190.383;11.57;59;0.075;17.75
2023-05-09;CAP_SON_MAI_00010;288.233;9.17;46;0.075;17.75
2023-05-09;CAP_SON_MAI_00004;308.567;56.69;144;0.075;17.75
2023-05-09;CAP_SON_MAI_00001;285.233;7.67;76;0.075;17.75
2023-05-10;CAP_SON_MAI_00001;558.333;12.31;50;0.0;15.5
2023-05-10;CAP_SON_MAI_00004;136.367;7.79;76;0.0;15.5
2023-05-10;CAP_SON_MAI_00002;0.25;0.05;-;0.0;15.5
2023-05-10;CAP_SON_MAI_00001;36.85;4.26;-;0.0;15.5
2023-05-11;CAP_SON_MAI_00010;622.75;11.54;55;0.0;16.0
2023-05-11;CAP_SON_MAI_00004;87.55;10.65;46;0.0;16.0
2023-05-11;CAP_SON_MAI_00004;107.083;6.03;76;0.0;16.0
2023-05-11;CAP_SON_MAI_00001;179.933;10.77;5;0.0;16.0
2023-05-11;CAP_SON_MAI_00002;0.433;0.15;-;0.0;16.0
2023-05-11;CAP_SON_MAI_00004;105.8;5.93;76;0.0;16.0
2023-05-11;CAP_SON_MAI_00001;280.05;7.29;5;0.0;16.0
2023-05-12;CAP_SON_MAI_00002;17.183;26.36;144;0.0;15.75
2023-05-12;CAP_SON_MAI_00010;4469.583;4.46;55;0.0;15.75
2023-05-12;CAP_SON_MAI_00004;87.733;10.58;46;0.0;15.75
2023-05-12;CAP_SON_MAI_00010;4465.833;7.76;76;0.0;15.75
2023-05-13;CAP_SON_MAI_00002;32.85;39.87;144;0.0;16.0
2023-05-15;CAP_SON_MAI_00004;237.833;43.21;144;0.0;16.5
2023-05-15;CAP_SON_MAI_00004;197.85;11.61;76;0.0;16.5
2023-05-15;CAP_SON_MAI_00010;302.75;12.69;50;0.0;16.5
2023-05-15;CAP_SON_MAI_00004;83.133;4.49;4;0.0;16.5
2023-05-15;CAP_SON_MAI_00004;190.767;10.58;-;0.0;16.5
2023-05-16;CAP_SON_MAI_00010;364.15;12.26;55;0.0;18.5
2023-05-16;CAP_SON_MAI_00004;209.717;38.36;1;0.0;18.5
2023-05-16;CAP_SON_MAI_00001;230.5;12.08;87;0.0;18.5
2023-05-17;CAP_SON_MAI_00004;106.867;13.12;1;0.0;19.25
2023-05-18;CAP_SON_MAI_00010;298.883;6.49;55;0.0;18.75
2023-05-18;CAP_SON_MAI_00004;199.433;11.64;76;0.0;18.75
2023-05-18;CAP_SON_MAI_00010;194.933;12.4;55;0.0;18.75
2023-05-19;CAP_SON_MAI_00010;179.05;3.05;55;0.0;18.25
2023-05-19;CAP_SON_MAI_00001;161.067;9.63;50;0.0;18.25
2023-05-19;CAP_SON_MAI_00010;210.683;5.1;55;0.0;18.25
2023-05-19;CAP_SON_MAI_00004;67.817;4.16;50;0.0;18.25
2023-05-19;CAP_SON_MAI_00004;13.267;0.46;-;0.0;18.25
2023-05-19;CAP_SON_MAI_00004;0.65;0.0;13;0.0;18.25
2023-05-22;CAP_SON_MAI_00001;272.817;12.24;50;0.0;20.0
2023-05-22;CAP_SON_MAI_00004;181.7;10.61;4;0.0;20.0
2023-05-22;CAP_SON_MAI_00010;268.2;12.26;55;0.0;20.0
2023-05-22;CAP_SON_MAI_00002;51.033;44.31;144;0.0;20.0
2023-05-22;CAP_SON_MAI_00010;214.083;25.66;1;0.0;20.0
2023-05-22;CAP_SON_MAI_00004;174.0;10.21;-;0.0;20.0
2023-05-22;CAP_SON_MAI_00001;68.833;4.1;59;0.0;20.0
2023-05-23;CAP_SON_MAI_00004;134.9;7.79;4;0.0;20.25
2023-05-23;CAP_SON_MAI_00004;88.8;10.85;46;0.0;20.25
2023-05-23;CAP_SON_MAI_00001;200.733;11.96;5;0.0;20.25
2023-05-23;CAP_SON_MAI_00004;0.283;0.0;5;0.0;20.25
2023-05-23;CAP_SON_MAI_00004;0.65;0.0;5;0.0;20.25
2023-05-24;CAP_SON_MAI_00010;601.5;12.25;55;0.0;21.0
2023-05-24;CAP_SON_MAI_00001;0.083;0.0;87;0.0;21.0
2023-05-24;CAP_SON_MAI_00001;397.317;11.67;76;0.0;21.0
2023-05-24;CAP_SON_MAI_00002;35.3;25.98;29;0.0;21.0
2023-05-25;CAP_SON_MAI_00004;81.2;9.91;46;0.0;20.0
2023-05-25;CAP_SON_MAI_00004;172.167;10.01;-;0.0;20.0
2023-05-25;CAP_SON_MAI_00010;7.85;0.94;46;0.0;20.0
2023-05-26;CAP_SON_MAI_00001;639.833;11.9;87;0.025;17.25
2023-05-26;CAP_SON_MAI_00004;181.883;10.58;76;0.025;17.25
2023-05-26;CAP_SON_MAI_00001;0.249;0.0;55;0.025;17.25
2023-05-26;CAP_SON_MAI_00001;597.367;12.3;55;0.025;17.25
2023-05-26;CAP_SON_MAI_00002;22.55;28.57;29;0.025;17.25
2023-05-29;CAP_SON_MAI_00010;313.417;12.11;55;0.1;17.0
2023-05-29;CAP_SON_MAI_00004;179.417;10.13;-;0.1;17.0
2023-05-29;CAP_SON_MAI_00010;267.817;12.45;50;0.1;17.0
2023-05-29;CAP_SON_MAI_00004;174.617;10.16;4;0.1;17.0
2023-05-30;CAP_SON_MAI_00004;97.583;5.3;-;0.0;17.0
2023-05-30;CAP_SON_MAI_00010;306.067;10.87;46;0.0;17.0
2023-05-30;CAP_SON_MAI_00004;237.1;45.13;29;0.0;17.0
2023-05-31;CAP_SON_MAI_00010;321.983;19.2;29;0.0;18.0
2023-05-31;CAP_SON_MAI_00010;0.1;0.0;29;0.0;18.0
2023-05-31;CAP_SON_MAI_00004;207.267;12.11;76;0.0;18.0
2023-05-31;CAP_SON_MAI_00010;292.8;10.76;46;0.0;18.0
2023-05-31;CAP_SON_MAI_00001;307.333;12.05;87;0.0;18.0
2023-06-01;CAP_SON_MAI_00010;205.417;12.48;59;0.0;17.75
2023-06-01;CAP_SON_MAI_00001;267.2;12.63;5;0.0;17.75
2023-06-01;CAP_SON_MAI_00004;101.417;12.19;55;0.0;17.75
2023-06-02;CAP_SON_MAI_00004;179.433;10.42;76;0.0;17.75
2023-06-02;CAP_SON_MAI_00004;176.75;10.21;-;0.0;17.75
2023-06-02;CAP_SON_MAI_00010;321.483;11.79;87;0.0;17.75
2023-06-02;CAP_SON_MAI_00001;197.767;9.8;5;0.0;17.75
2023-06-02;CAP_SON_MAI_00004;19.55;2.71;144;0.0;17.75
2023-06-02;CAP_SON_MAI_00004;205.367;12.33;50;0.0;17.75
2023-06-02;CAP_SON_MAI_00004;1.733;0.09;128;0.0;17.75
2023-06-02;CAP_SON_MAI_00004;57.483;3.24;128;0.0;17.75
2023-06-05;CAP_SON_MAI_00004;203.417;12.18;128;0.0;19.0
2023-06-05;CAP_SON_MAI_00004;171.9;9.98;-;0.0;19.0
2023-06-05;CAP_SON_MAI_00004;201.2;11.76;76;0.0;19.0
2023-06-06;CAP_SON_MAI_00004;200.35;11.67;76;0.0;21.25
2023-06-06;CAP_SON_MAI_00010;651.433;12.09;55;0.0;21.25
2023-06-07;CAP_SON_MAI_00004;200.133;11.69;76;0.55;18.75
2023-06-07;CAP_SON_MAI_00010;411.883;9.1;55;0.55;18.75
2023-06-07;CAP_SON_MAI_00010;286.283;10.54;46;0.55;18.75
2023-06-07;CAP_SON_MAI_00004;178.233;10.68;128;0.55;18.75
2023-06-07;CAP_SON_MAI_00003;284.717;12.327;50;0.55;18.75
2023-06-08;CAP_SON_MAI_00002;39.717;28.64;144;0.275;18.5
2023-06-09;CAP_SON_MAI_00010;45.817;5.55;55;0.175;18.75
2023-06-09;CAP_SON_MAI_00010;72.333;8.83;55;0.175;18.75
2023-06-09;CAP_SON_MAI_00010;0.15;0.0;87;0.175;18.75
2023-06-09;CAP_SON_MAI_00004;2.083;0.08;128;0.175;18.75
2023-06-12;CAP_SON_MAI_00003;676.267;26.691;1;0.125;19.5
2023-06-12;CAP_SON_MAI_00010;309.283;12.38;50;0.125;19.5
2023-06-12;CAP_SON_MAI_00010;360.883;12.28;128;0.125;19.5
2023-06-12;CAP_SON_MAI_00010;0.417;0.0;128;0.125;19.5
2023-06-12;CAP_SON_MAI_00003;388.717;10.098;4;0.125;19.5
2023-06-12;CAP_SON_MAI_00010;325.233;10.77;46;0.125;19.5
2023-06-12;CAP_SON_MAI_00010;223.3;12.0;55;0.125;19.5
2023-06-12;CAP_SON_MAI_00004;199.183;11.48;76;0.125;19.5
2023-06-12;CAP_SON_MAI_00004;236.333;43.06;29;0.125;19.5
2023-06-13;CAP_SON_MAI_00004;205.767;11.58;76;0.025;18.25
2023-06-13;CAP_SON_MAI_00004;90.35;14.91;144;0.025;18.25
2023-06-13;CAP_SON_MAI_00010;706.667;11.29;55;0.025;18.25
2023-06-13;CAP_SON_MAI_00002;8.25;6.41;29;0.025;18.25
2023-06-13;CAP_SON_MAI_00004;0.35;0.0;-;0.025;18.25
2023-06-13;CAP_SON_MAI_00004;0.217;0.0;-;0.025;18.25
2023-06-13;CAP_SON_MAI_00004;185.033;10.31;-;0.025;18.25
2023-06-14;CAP_SON_MAI_00001;234.9;11.88;87;0.0;18.5
2023-06-14;CAP_SON_MAI_00010;224.283;6.78;87;0.0;18.5
2023-06-14;CAP_SON_MAI_00004;123.967;6.99;76;0.0;18.5
2023-06-14;CAP_SON_MAI_00001;0.517;0.02;87;0.0;18.5
2023-06-15;CAP_SON_MAI_00001;216.933;9.46;-;0.0;20.25
2023-06-15;CAP_SON_MAI_00010;197.883;12.04;59;0.0;20.25
2023-06-16;CAP_SON_MAI_00010;121.167;10.06;46;0.0;20.5
2023-06-16;CAP_SON_MAI_00004;101.467;12.34;55;0.0;20.5
2023-06-16;CAP_SON_MAI_00004;129.017;7.32;4;0.0;20.5
2023-06-16;CAP_SON_MAI_00002;13.083;22.41;144;0.0;20.5
2023-06-16;CAP_SON_MAI_00010;10.133;1.8;144;0.0;20.5
2023-06-16;CAP_SON_MAI_00010;0.083;0.0;128;0.0;20.5
2023-06-16;CAP_SON_MAI_00010;0.567;0.0;128;0.0;20.5
2023-06-16;CAP_SON_MAI_00002;26.183;23.95;144;0.0;20.5
2023-06-16;CAP_SON_MAI_00010;277.6;4.96;-;0.0;20.5
2023-06-17;CAP_SON_MAI_00002;14.517;23.83;0;0.0;19.25
2023-06-19;CAP_SON_MAI_00010;222.499;0.0;50;0.125;19.5
2023-06-19;CAP_SON_MAI_00004;207.483;12.49;128;0.125;19.5
2023-06-19;CAP_SON_MAI_00010;314.217;25.69;1;0.125;19.5
2023-06-19;CAP_SON_MAI_00004;199.75;11.63;76;0.125;19.5
2023-06-20;CAP_SON_MAI_00010;344.717;7.71;76;0.0;18.75
2023-06-20;CAP_SON_MAI_00004;99.133;12.13;55;0.0;18.75
2023-06-20;CAP_SON_MAI_00010;325.8;10.62;46;0.0;18.75
2023-06-20;CAP_SON_MAI_00002;49.717;39.62;144;0.0;18.75
2023-06-20;CAP_SON_MAI_00002;41.75;42.05;29;0.0;18.75
2023-06-20;CAP_SON_MAI_00004;200.667;12.06;128;0.0;18.75
2023-06-20;CAP_SON_MAI_00004;46.233;5.6;55;0.0;18.75
2023-06-21;CAP_SON_MAI_00004;133.767;23.74;0;0.0;18.0
2023-06-21;CAP_SON_MAI_00004;193.883;11.32;76;0.0;18.0
2023-06-21;CAP_SON_MAI_00010;281.467;9.72;46;0.0;18.0
2023-06-26;CAP_SON_MAI_00002;52.767;49.61;144;0.0;21.5
2023-06-26;CAP_SON_MAI_00010;0.083;0.0;5;0.0;21.5
2023-06-26;CAP_SON_MAI_00004;99.083;6.12;35;0.0;21.5
2023-06-26;CAP_SON_MAI_00003;160.25;9.872;59;0.0;21.5
2023-06-26;CAP_SON_MAI_00004;177.2;10.52;35;0.0;21.5
2023-06-26;CAP_SON_MAI_00004;91.65;16.71;0;0.0;21.5
2023-06-26;CAP_SON_MAI_00010;116.1;14.17;1;0.0;21.5
2023-06-26;CAP_SON_MAI_00003;346.067;8.786;4;0.0;21.5
2023-06-26;CAP_SON_MAI_00004;198.65;11.61;76;0.0;21.5
2023-06-26;CAP_SON_MAI_00010;208.133;12.58;5;0.0;21.5
2023-06-27;CAP_SON_MAI_00004;127.983;7.29;76;0.0;22.5
2023-06-27;CAP_SON_MAI_00010;300.25;9.2;46;0.0;22.5
2023-06-27;CAP_SON_MAI_00004;174.317;10.22;-;0.0;22.5
2023-06-27;CAP_SON_MAI_00003;251.667;12.12;128;0.0;22.5
2023-06-28;CAP_SON_MAI_00010;389.783;47.15;29;0.0;22.0
2023-06-28;CAP_SON_MAI_00004;177.833;10.54;35;0.0;22.0
2023-06-28;CAP_SON_MAI_00001;181.667;10.91;50;0.0;22.0
2023-06-28;CAP_SON_MAI_00010;362.133;12.29;55;0.0;22.0
2023-06-28;CAP_SON_MAI_00004;198.05;12.05;59;0.0;22.0
2023-06-28;CAP_SON_MAI_00004;198.467;11.59;76;0.0;22.0
2023-06-28;CAP_SON_MAI_00001;382.267;3.2;-;0.0;22.0
2023-06-28;CAP_SON_MAI_00010;152.9;10.66;46;0.0;22.0
2023-06-28;CAP_SON_MAI_00003;429.967;38.751;0;0.0;22.0
2023-06-28;CAP_SON_MAI_00001;78.8;4.81;50;0.0;22.0
2023-06-28;CAP_SON_MAI_00003;233.767;12.704;5;0.0;22.0
2023-06-29;CAP_SON_MAI_00004;166.2;9.64;76;0.0;20.75
2023-06-29;CAP_SON_MAI_00001;287.083;24.01;0;0.0;20.75
2023-06-29;CAP_SON_MAI_00004;109.867;6.27;-;0.0;20.75
2023-06-29;CAP_SON_MAI_00010;402.0;11.06;55;0.0;20.75
2023-06-30;CAP_SON_MAI_00004;34.733;5.5;144;0.0;20.0
2023-06-30;CAP_SON_MAI_00003;207.567;10.219;4;0.0;20.0
2023-06-30;CAP_SON_MAI_00001;264.6;12.42;5;0.0;20.0
2023-06-30;CAP_SON_MAI_00001;120.217;3.75;-;0.0;20.0
2023-06-30;CAP_SON_MAI_00003;316.333;12.876;50;0.0;20.0
2023-06-30;CAP_SON_MAI_00004;93.65;11.55;55;0.0;20.0
2023-06-30;CAP_SON_MAI_00001;279.467;8.9;-;0.0;20.0
2023-06-30;CAP_SON_MAI_00004;202.383;11.81;76;0.0;20.0
2023-06-30;CAP_SON_MAI_00001;309.717;13.39;0;0.0;20.0
2023-06-30;CAP_SON_MAI_00004;258.083;48.75;144;0.0;20.0
2023-06-30;CAP_SON_MAI_00004;0.65;0.0;55;0.0;20.0
2023-07-02;CAP_SON_MAI_00002;44.883;33.91;144;0.0;22.75
2023-07-03;CAP_SON_MAI_00001;301.2;9.15;13;0.0;20.25
2023-07-03;CAP_SON_MAI_00003;308.617;9.886;4;0.0;20.25
2023-07-03;CAP_SON_MAI_00001;240.117;28.88;144;0.0;20.25
2023-07-03;CAP_SON_MAI_00010;645.517;12.05;55;0.0;20.25
2023-07-03;CAP_SON_MAI_00002;54.75;50.26;0;0.0;20.25
2023-07-03;CAP_SON_MAI_00004;199.95;11.63;76;0.0;20.25
2023-07-03;CAP_SON_MAI_00004;201.183;37.86;29;0.0;20.25
2023-07-03;CAP_SON_MAI_00001;0.467;0.01;29;0.0;20.25
2023-07-03;CAP_SON_MAI_00010;309.367;10.85;46;0.0;20.25
2023-07-04;CAP_SON_MAI_00004;149.683;8.66;4;0.0;19.0
2023-07-04;CAP_SON_MAI_00004;136.8;7.9;-;0.0;19.0
2023-07-04;CAP_SON_MAI_00010;292.3;3.81;55;0.0;19.0
2023-07-04;CAP_SON_MAI_00003;392.15;6.717;128;0.0;19.0
2023-07-04;CAP_SON_MAI_00004;201.817;12.43;128;0.0;19.0
2023-07-04;CAP_SON_MAI_00010;249.883;10.16;55;0.0;19.0
2023-07-04;CAP_SON_MAI_00010;9.6;1.16;46;0.0;19.0
2023-07-04;CAP_SON_MAI_00010;0.25;0.0;46;0.0;19.0
2023-07-04;CAP_SON_MAI_00010;250.683;22.31;0;0.0;19.0
2023-07-05;CAP_SON_MAI_00010;673.433;11.22;55;0.0;18.75
2023-07-05;CAP_SON_MAI_00003;311.333;9.388;13;0.0;18.75
2023-07-05;CAP_SON_MAI_00003;143.167;8.924;128;0.0;18.75
2023-07-05;CAP_SON_MAI_00010;235.267;10.56;35;0.0;18.75
2023-07-05;CAP_SON_MAI_00003;296.3;9.047;128;0.0;18.75
2023-07-06;CAP_SON_MAI_00010;25.1;1.43;13;0.0;18.75
2023-07-06;CAP_SON_MAI_00004;164.333;10.14;59;0.0;18.75
2023-07-06;CAP_SON_MAI_00010;222.333;23.93;144;0.0;18.75
2023-07-06;CAP_SON_MAI_00010;260.983;1.24;55;0.0;18.75
2023-07-06;CAP_SON_MAI_00004;175.5;10.4;35;0.0;18.75
2023-07-06;CAP_SON_MAI_00004;131.783;7.32;13;0.0;18.75
2023-07-06;CAP_SON_MAI_00001;0.1;0.0;128;0.0;18.75
2023-07-06;CAP_SON_MAI_00001;727.683;11.07;128;0.0;18.75
2023-07-06;CAP_SON_MAI_00003;257.317;31.793;144;0.0;18.75
2023-07-06;CAP_SON_MAI_00010;242.217;11.46;55;0.0;18.75
2023-07-06;CAP_SON_MAI_00004;184.3;11.11;59;0.0;18.75
2023-07-07;CAP_SON_MAI_00010;106.25;7.75;55;0.0;18.75
2023-07-07;CAP_SON_MAI_00010;0.567;0.02;29;0.0;18.75
2023-07-07;CAP_SON_MAI_00003;310.233;16.705;1;0.0;18.75
2023-07-07;CAP_SON_MAI_00004;208.117;12.46;128;0.0;18.75
2023-07-07;CAP_SON_MAI_00002;53.667;51.42;0;0.0;18.75
2023-07-07;CAP_SON_MAI_00002;42.633;41.17;29;0.0;18.75
2023-07-07;CAP_SON_MAI_00001;206.883;12.33;5;0.0;18.75
2023-07-07;CAP_SON_MAI_00003;314.75;6.36;51;0.0;18.75
2023-07-07;CAP_SON_MAI_00004;173.617;10.06;4;0.0;18.75
2023-07-07;CAP_SON_MAI_00010;227.783;11.95;55;0.0;18.75
2023-07-07;CAP_SON_MAI_00010;306.317;10.8;46;0.0;18.75
2023-07-07;CAP_SON_MAI_00004;199.167;11.61;76;0.0;18.75
2023-07-07;CAP_SON_MAI_00010;68.6;12.98;29;0.0;18.75
2023-07-10;CAP_SON_MAI_00002;1.5;1.84;0;0.0;19.25
2023-07-10;CAP_SON_MAI_00010;293.633;5.43;55;0.0;19.25
2023-07-10;CAP_SON_MAI_00004;181.45;10.45;-;0.0;19.25
2023-07-10;CAP_SON_MAI_00004;21.833;2.94;-;0.0;19.25
2023-07-10;CAP_SON_MAI_00001;1469.967;12.37;0;0.0;19.25
2023-07-10;CAP_SON_MAI_00010;214.6;10.32;35;0.0;19.25
2023-07-10;CAP_SON_MAI_00004;101.233;12.21;55;0.0;19.25
2023-07-10;CAP_SON_MAI_00004;208.5;39.35;29;0.0;19.25
2023-07-10;CAP_SON_MAI_00001;1631.017;21.87;46;0.0;19.25
2023-07-11;CAP_SON_MAI_00010;299.233;28.06;0;0.0;19.5
2023-07-11;CAP_SON_MAI_00010;305.933;10.76;46;0.0;19.5
2023-07-11;CAP_SON_MAI_00004;216.867;12.71;5;0.0;19.5
2023-07-11;CAP_SON_MAI_00003;285.15;12.477;50;0.0;19.5
2023-07-12;CAP_SON_MAI_00003;333.683;12.591;5;0.0;19.5
2023-07-12;CAP_SON_MAI_00004;177.467;10.14;-;0.0;19.5
2023-07-12;CAP_SON_MAI_00010;225.25;12.16;55;0.0;19.5
2023-07-12;CAP_SON_MAI_00010;282.517;6.16;46;0.0;19.5
2023-07-12;CAP_SON_MAI_00004;216.583;12.77;59;0.0;19.5
2023-07-12;CAP_SON_MAI_00001;634.367;12.1;87;0.0;19.5
2023-07-12;CAP_SON_MAI_00004;126.1;21.76;133;0.0;19.5
2023-07-12;CAP_SON_MAI_00010;386.017;6.15;55;0.0;19.5
2023-07-12;CAP_SON_MAI_00004;19.983;2.25;46;0.0;19.5
2023-07-13;CAP_SON_MAI_00003;86.3;5.279;5;0.0;19.5
2023-07-13;CAP_SON_MAI_00010;278.083;4.45;55;0.0;19.5
2023-07-13;CAP_SON_MAI_00010;313.883;16.62;133;0.0;19.5
2023-07-13;CAP_SON_MAI_00002;21.4;33.81;144;0.0;19.5
2023-07-13;CAP_SON_MAI_00001;1397.75;13.73;0;0.0;19.5
2023-07-13;CAP_SON_MAI_00010;204.75;37.19;133;0.0;19.5
2023-07-13;CAP_SON_MAI_00004;174.567;9.93;-;0.0;19.5
2023-07-13;CAP_SON_MAI_00002;57.4;54.82;144;0.0;19.5
2023-07-13;CAP_SON_MAI_00010;237.033;9.5;55;0.0;19.5
2023-07-13;CAP_SON_MAI_00003;20458.817;11.579;5;0.0;19.5
2023-07-14;CAP_SON_MAI_00004;203.667;25.34;1;0.0;19.5
2023-07-14;CAP_SON_MAI_00003;157.483;2.671;29;0.0;19.5
2023-07-14;CAP_SON_MAI_00010;210.017;12.81;128;0.0;19.5
2023-07-14;CAP_SON_MAI_00001;255.467;9.23;13;0.0;19.5
2023-07-14;CAP_SON_MAI_00010;483.2;12.34;55;0.0;19.5
2023-07-14;CAP_SON_MAI_00004;190.433;34.7;0;0.0;19.5
2023-07-14;CAP_SON_MAI_00004;91.65;4.95;-;0.0;19.5
2023-07-14;CAP_SON_MAI_00001;224.317;12.02;46;0.0;19.5
2023-07-14;CAP_SON_MAI_00003;337.1;10.004;4;0.0;19.5
2023-07-15;CAP_SON_MAI_00002;18.217;32.82;0;0.025;19.25
2023-07-16;CAP_SON_MAI_00002;47.667;58.19;144;0.0;17.75
2023-07-17;CAP_SON_MAI_00004;173.383;10.18;-;0.0;19.25
2023-07-17;CAP_SON_MAI_00004;201.75;12.43;59;0.0;19.25
2023-07-17;CAP_SON_MAI_00010;133.75;7.66;76;0.0;19.25
2023-07-17;CAP_SON_MAI_00004;201.317;11.49;76;0.0;19.25
2023-07-17;CAP_SON_MAI_00004;239.233;44.1;0;0.0;19.25
2023-07-17;CAP_SON_MAI_00003;222.633;13.576;1;0.0;19.25
2023-07-17;CAP_SON_MAI_00010;190.767;12.34;55;0.0;19.25
2023-07-17;CAP_SON_MAI_00001;401.767;2.28;0;0.0;19.25
2023-07-18;CAP_SON_MAI_00010;293.217;8.45;55;0.0;19.5
2023-07-18;CAP_SON_MAI_00003;297.7;12.475;50;0.0;19.5
2023-07-18;CAP_SON_MAI_00001;646.967;17.5;0;0.0;19.5
2023-07-18;CAP_SON_MAI_00001;533.867;12.51;5;0.0;19.5
2023-07-18;CAP_SON_MAI_00010;273.367;49.4;133;0.0;19.5
2023-07-18;CAP_SON_MAI_00004;41.433;4.97;55;0.0;19.5
2023-07-19;CAP_SON_MAI_00001;307.617;12.67;51;0.0;19.25
2023-07-19;CAP_SON_MAI_00010;132.1;25.22;133;0.0;19.25
2023-07-19;CAP_SON_MAI_00001;312.483;1.7;5;0.0;19.25
2023-07-19;CAP_SON_MAI_00002;8.8;13.98;144;0.0;19.25
2023-07-19;CAP_SON_MAI_00001;238.667;12.47;5;0.0;19.25
2023-07-19;CAP_SON_MAI_00010;284.167;9.77;76;0.0;19.25
2023-07-19;CAP_SON_MAI_00004;175.867;10.03;-;0.0;19.25
2023-07-19;CAP_SON_MAI_00003;390.55;23.043;1;0.0;19.25
2023-07-19;CAP_SON_MAI_00002;56.2;49.83;133;0.0;19.25
2023-07-20;CAP_SON_MAI_00001;730.333;27.2;0;0.0;18.5
2023-07-20;CAP_SON_MAI_00004;0.217;0.0;-;0.0;18.5
2023-07-20;CAP_SON_MAI_00004;79.683;4.4;-;0.0;18.5
2023-07-20;CAP_SON_MAI_00003;589.433;7.243;5;0.0;18.5
2023-07-20;CAP_SON_MAI_00004;88.45;10.8;46;0.0;18.5
2023-07-20;CAP_SON_MAI_00004;205.433;12.34;128;0.0;18.5
2023-07-21;CAP_SON_MAI_00004;203.333;12.21;128;0.0;19.0
2023-07-21;CAP_SON_MAI_00004;148.65;8.53;76;0.0;19.0
2023-07-21;CAP_SON_MAI_00010;245.717;26.86;0;0.0;19.0
2023-07-21;CAP_SON_MAI_00003;636.65;18.981;1;0.0;19.0
2023-07-23;CAP_SON_MAI_00002;10.85;22.01;0;0.0;18.25
2023-07-24;CAP_SON_MAI_00010;259.567;48.81;0;0.0;19.5
2023-07-24;CAP_SON_MAI_00010;99.717;12.17;55;0.0;19.5
2023-07-24;CAP_SON_MAI_00004;244.8;46.21;133;0.0;19.5
2023-07-24;CAP_SON_MAI_00001;241.367;12.69;59;0.0;19.5
2023-07-24;CAP_SON_MAI_00001;279.117;11.55;76;0.0;19.5
2023-07-24;CAP_SON_MAI_00004;42.083;6.62;133;0.0;19.5
2023-07-24;CAP_SON_MAI_00003;286.367;3.495;59;0.0;19.5
2023-07-25;CAP_SON_MAI_00010;328.05;4.64;55;0.0;18.0
2023-07-25;CAP_SON_MAI_00001;272.317;12.34;128;0.0;18.0
2023-07-25;CAP_SON_MAI_00004;114.217;6.47;76;0.0;18.0
2023-07-25;CAP_SON_MAI_00010;199.1;12.06;55;0.0;18.0
2023-07-25;CAP_SON_MAI_00003;231.083;28.336;144;0.0;18.0
2023-07-26;CAP_SON_MAI_00010;645.733;9.58;55;0.0;20.0
2023-07-26;CAP_SON_MAI_00004;144.367;8.45;35;0.0;20.0
2023-07-26;CAP_SON_MAI_00004;161.483;9.3;76;0.0;20.0
2023-07-26;CAP_SON_MAI_00010;284.2;33.09;0;0.0;20.0
2023-07-26;CAP_SON_MAI_00001;510.717;12.61;51;0.0;20.0
2023-07-27;CAP_SON_MAI_00001;458.967;10.89;55;0.0;19.0
2023-07-27;CAP_SON_MAI_00003;0.167;0.007;76;0.0;19.0
2023-07-27;CAP_SON_MAI_00010;326.65;10.9;46;0.0;19.0
2023-07-27;CAP_SON_MAI_00001;277.433;21.19;0;0.0;19.0
2023-07-27;CAP_SON_MAI_00004;202.117;12.5;59;0.0;19.0
2023-07-28;CAP_SON_MAI_00004;168.517;9.71;76;0.0;20.0
2023-07-28;CAP_SON_MAI_00010;0.067;0.0;59;0.0;20.0
2023-07-28;CAP_SON_MAI_00001;632.833;12.16;55;0.0;20.0
2023-07-28;CAP_SON_MAI_00003;656.717;16.778;1;0.0;20.0
2023-07-28;CAP_SON_MAI_00001;314.033;14.65;0;0.0;20.0
2023-07-28;CAP_SON_MAI_00002;39.6;32.31;144;0.0;20.0
2023-07-31;CAP_SON_MAI_00004;0.433;0.0;19;;20.0
2023-07-31;CAP_SON_MAI_00004;0.65;0.0;13;;20.0
2023-07-31;CAP_SON_MAI_00010;261.183;39.42;133;;20.0
2023-07-31;CAP_SON_MAI_00003;199.9;12.063;128;;20.0
2023-07-31;CAP_SON_MAI_00010;271.117;44.7;0;;20.0
2023-07-31;CAP_SON_MAI_00004;259.117;48.66;144;;20.0
2023-07-31;CAP_SON_MAI_00003;0.783;0.057;144;;20.0
2023-07-31;CAP_SON_MAI_00001;2885.767;14.31;133;;20.0
2023-07-31;CAP_SON_MAI_00004;163.533;9.68;4;;20.0
2023-08-01;CAP_SON_MAI_00004;96.317;16.72;144;0.0;20.75
2023-08-01;CAP_SON_MAI_00010;704.083;12.3;55;0.0;20.75
2023-08-01;CAP_SON_MAI_00004;153.667;27.71;0;0.0;20.75
2023-08-02;CAP_SON_MAI_00001;556.85;11.91;87;0.025;19.5
2023-08-02;CAP_SON_MAI_00004;205.517;12.31;50;0.025;19.5
2023-08-02;CAP_SON_MAI_00003;211.65;24.005;144;0.025;19.5
2023-08-02;CAP_SON_MAI_00004;203.333;12.37;128;0.025;19.5
2023-08-02;CAP_SON_MAI_00010;0.067;0.0;144;0.025;19.5
2023-08-03;CAP_SON_MAI_00001;233.733;11.82;5;0.0;18.5
2023-08-03;CAP_SON_MAI_00004;276.85;51.15;29;0.0;18.5
2023-08-03;CAP_SON_MAI_00010;280.45;12.04;55;0.0;18.5
2023-08-03;CAP_SON_MAI_00003;221.067;13.136;144;0.0;18.5
2023-08-03;CAP_SON_MAI_00010;275.417;45.51;0;0.0;18.5
2023-08-04;CAP_SON_MAI_00004;195.767;11.85;128;0.0;19.25
2023-08-04;CAP_SON_MAI_00010;240.783;12.31;55;0.0;19.25
2023-08-04;CAP_SON_MAI_00010;295.15;49.99;29;0.0;19.25
2023-08-04;CAP_SON_MAI_00003;401.967;12.469;50;0.0;19.25
2023-08-04;CAP_SON_MAI_00010;268.1;23.63;0;0.0;19.25
2023-08-05;CAP_SON_MAI_00002;21.217;39.48;0;0.0;21.75
2023-08-07;CAP_SON_MAI_00001;370.833;42.12;133;0.0;26.25
2023-08-07;CAP_SON_MAI_00001;271.4;12.47;5;0.0;26.25
2023-08-07;CAP_SON_MAI_00004;207.417;12.31;128;0.0;26.25
2023-08-07;CAP_SON_MAI_00010;239.933;12.21;50;0.0;26.25
2023-08-07;CAP_SON_MAI_00010;288.65;39.54;0;0.0;26.25
2023-08-08;CAP_SON_MAI_00001;603.617;12.4;55;0.0;24.5
2023-08-08;CAP_SON_MAI_00004;308.217;55.2;133;0.0;24.5
2023-08-08;CAP_SON_MAI_00003;236.65;27.75;144;0.0;24.5
2023-08-08;CAP_SON_MAI_00002;2.917;2.05;134;0.0;24.5
2023-08-08;CAP_SON_MAI_00002;21.35;8.15;134;0.0;24.5
2023-08-09;CAP_SON_MAI_00010;403.4;12.36;50;0.0;20.0
2023-08-09;CAP_SON_MAI_00004;207.283;12.41;128;0.0;20.0
2023-08-09;CAP_SON_MAI_00010;247.75;12.34;55;0.0;20.0
2023-08-10;CAP_SON_MAI_00010;20.1;2.29;55;0.0;21.0
2023-08-10;CAP_SON_MAI_00004;40.15;7.1;133;0.0;21.0
2023-08-10;CAP_SON_MAI_00010;314.5;35.01;29;0.0;21.0
2023-08-10;CAP_SON_MAI_00003;979.367;12.988;5;0.0;21.0
2023-08-10;CAP_SON_MAI_00010;584.5;11.97;55;0.0;21.0
2023-08-10;CAP_SON_MAI_00010;208.6;38.02;133;0.0;21.0
2023-08-10;CAP_SON_MAI_00001;122.75;13.98;29;0.0;21.0
2023-08-11;CAP_SON_MAI_00002;27.983;13.56;144;0.0;21.75
2023-08-11;CAP_SON_MAI_00001;585.9;11.7;87;0.0;21.75
2023-08-11;CAP_SON_MAI_00010;224.0;16.7;0;0.0;21.75
2023-08-11;CAP_SON_MAI_00010;175.217;31.66;0;0.0;21.75
2023-08-11;CAP_SON_MAI_00002;34.567;42.14;134;0.0;21.75
2023-08-11;CAP_SON_MAI_00002;7.1;10.14;29;0.0;21.75
2023-08-11;CAP_SON_MAI_00003;522.583;11.597;5;0.0;21.75
2023-08-12;CAP_SON_MAI_00002;18.633;25.08;0;0.025;20.75
2023-08-12;CAP_SON_MAI_00002;8.283;6.66;0;0.025;20.75
2023-08-14;CAP_SON_MAI_00010;0.817;0.02;0;0.0;18.5
2023-08-14;CAP_SON_MAI_00010;470.1;46.73;0;0.0;18.5
2023-08-14;CAP_SON_MAI_00001;512.867;10.18;19;0.0;18.5
2023-08-16;CAP_SON_MAI_00004;182.833;10.05;19;0.0;19.5
2023-08-16;CAP_SON_MAI_00010;587.583;12.16;55;0.0;19.5
2023-08-16;CAP_SON_MAI_00003;518.567;12.807;51;0.0;19.5
2023-08-16;CAP_SON_MAI_00010;282.85;44.28;29;0.0;19.5
2023-08-16;CAP_SON_MAI_00001;196.367;11.65;76;0.0;19.5
2023-08-17;CAP_SON_MAI_00010;437.6;12.55;50;0.0;19.5
2023-08-17;CAP_SON_MAI_00002;46.467;42.6;144;0.0;19.5
2023-08-17;CAP_SON_MAI_00010;642.283;8.78;55;0.0;19.5
2023-08-17;CAP_SON_MAI_00004;145.583;8.16;76;0.0;19.5
2023-08-18;CAP_SON_MAI_00010;578.75;9.88;55;0.0;20.75
2023-08-18;CAP_SON_MAI_00002;47.95;45.83;144;0.0;20.75
2023-08-18;CAP_SON_MAI_00001;77.983;6.31;144;0.0;20.75
2023-08-18;CAP_SON_MAI_00004;105.0;5.77;76;0.0;20.75
2023-08-21;CAP_SON_MAI_00010;0.183;0.0;46;0.0;21.75
2023-08-21;CAP_SON_MAI_00010;331.25;10.76;46;0.0;21.75
2023-08-21;CAP_SON_MAI_00003;521.883;12.692;5;0.0;21.75
2023-08-21;CAP_SON_MAI_00010;187.583;10.65;76;0.0;21.75
2023-08-21;CAP_SON_MAI_00001;542.533;12.82;51;0.0;21.75
2023-08-21;CAP_SON_MAI_00004;150.65;9.01;50;0.0;21.75
2023-08-21;CAP_SON_MAI_00010;279.167;40.0;29;0.0;21.75
2023-08-22;CAP_SON_MAI_00004;13.45;1.48;55;0.0;25.75
2023-08-22;CAP_SON_MAI_00001;712.433;6.83;5;0.0;25.75
2023-08-22;CAP_SON_MAI_00004;104.833;12.04;55;0.0;25.75
2023-08-22;CAP_SON_MAI_00010;300.717;10.17;46;0.0;25.75
2023-08-23;CAP_SON_MAI_00003;446.583;6.934;51;0.0;24.0
2023-08-23;CAP_SON_MAI_00001;541.1;11.95;5;0.0;24.0
2023-08-23;CAP_SON_MAI_00010;393.783;10.59;46;0.0;24.0
2023-08-24;CAP_SON_MAI_00010;153.383;5.74;46;0.0;21.25
2023-08-24;CAP_SON_MAI_00004;97.733;11.95;55;0.0;21.25
2023-08-24;CAP_SON_MAI_00001;293.567;8.78;76;0.0;21.25
2023-08-25;CAP_SON_MAI_00010;380.917;6.52;46;0.0;20.0
2023-08-28;CAP_SON_MAI_00001;196.583;12.36;55;0.0;18.75
2023-08-28;CAP_SON_MAI_00003;156.483;9.417;50;0.0;18.75
2023-08-28;CAP_SON_MAI_00010;3058.95;12.02;76;0.0;18.75
2023-08-28;CAP_SON_MAI_00004;136.367;7.77;4;0.0;18.75
2023-08-28;CAP_SON_MAI_00010;546.667;12.22;87;0.0;18.75
2023-08-29;CAP_SON_MAI_00001;280.283;10.96;46;0.0;19.0
2023-08-29;CAP_SON_MAI_00004;141.733;17.34;1;0.0;19.0
2023-08-29;CAP_SON_MAI_00004;0.233;0.0;1;0.0;19.0
2023-08-29;CAP_SON_MAI_00004;274.45;50.56;29;0.0;19.0
2023-08-29;CAP_SON_MAI_00001;292.467;11.62;87;0.0;19.0
2023-08-29;CAP_SON_MAI_00001;233.2;12.34;55;0.0;19.0
2023-08-30;CAP_SON_MAI_00001;234.3;10.76;46;0.0;19.0
2023-08-30;CAP_SON_MAI_00004;199.833;12.07;128;0.0;19.0
2023-08-30;CAP_SON_MAI_00001;283.617;12.48;55;0.0;19.0
2023-08-30;CAP_SON_MAI_00010;431.217;12.47;50;0.0;19.0
2023-08-30;CAP_SON_MAI_00002;20.167;32.15;133;0.0;19.0
2023-08-30;CAP_SON_MAI_00003;288.583;35.285;0;0.0;19.0
2023-08-30;CAP_SON_MAI_00010;0.617;0.03;133;0.0;19.0
2023-08-30;CAP_SON_MAI_00010;0.1;0.0;133;0.0;19.0
2023-08-30;CAP_SON_MAI_00010;179.6;11.11;87;0.0;19.0
2023-08-30;CAP_SON_MAI_00010;0.533;0.01;133;0.0;19.0
2023-08-30;CAP_SON_MAI_00004;123.85;21.73;133;0.0;19.0
2023-08-31;CAP_SON_MAI_00004;0.75;0.0;35;0.0;19.75
2023-08-31;CAP_SON_MAI_00010;0.3;0.0;0;0.0;19.75
2023-08-31;CAP_SON_MAI_00003;411.75;9.051;128;0.0;19.75
2023-08-31;CAP_SON_MAI_00003;189.183;9.815;4;0.0;19.75
2023-09-01;CAP_SON_MAI_00010;335.283;12.69;50;0.0;19.25
2023-09-01;CAP_SON_MAI_00002;32.067;44.68;0;0.0;19.25
2023-09-01;CAP_SON_MAI_00001;267.633;11.54;4;0.0;19.25
2023-09-01;CAP_SON_MAI_00001;268.067;11.97;76;0.0;19.25
2023-09-01;CAP_SON_MAI_00001;0.317;0.01;76;0.0;19.25
2023-09-01;CAP_SON_MAI_00001;284.583;7.6;46;0.0;19.25
2023-09-01;CAP_SON_MAI_00003;580.333;24.235;1;0.0;19.25
2023-09-01;CAP_SON_MAI_00003;313.433;10.117;4;0.0;19.25
2023-09-01;CAP_SON_MAI_00003;0.4;0.022;1;0.0;19.25
2023-09-01;CAP_SON_MAI_00003;0.083;0.002;1;0.0;19.25
2023-09-01;CAP_SON_MAI_00003;1.367;0.043;4;0.0;19.25
2023-09-01;CAP_SON_MAI_00004;106.933;18.61;0;0.0;19.25
2023-09-01;CAP_SON_MAI_00001;225.85;12.53;55;0.0;19.25
2023-09-04;CAP_SON_MAI_00010;1061.017;10.28;87;;20.0
2023-09-04;CAP_SON_MAI_00010;1115.583;48.02;29;;20.0
2023-09-04;CAP_SON_MAI_00004;0.65;0.0;29;;20.0
2023-09-04;CAP_SON_MAI_00004;161.0;9.09;19;;20.0
2023-09-04;CAP_SON_MAI_00004;19.883;1.14;19;;20.0
2023-09-04;CAP_SON_MAI_00003;560.567;26.742;1;;20.0
2023-09-04;CAP_SON_MAI_00001;307.6;10.91;46;;20.0
2023-09-04;CAP_SON_MAI_00010;339.967;12.22;55;;20.0
2023-09-04;CAP_SON_MAI_00002;52.483;42.0;144;;20.0
2023-09-05;CAP_SON_MAI_00004;72.4;3.97;19;0.275;20.75
2023-09-05;CAP_SON_MAI_00010;118.417;22.19;29;0.275;20.75
2023-09-05;CAP_SON_MAI_00002;38.233;29.05;29;0.275;20.75
2023-09-05;CAP_SON_MAI_00010;546.633;11.93;87;0.275;20.75
2023-09-05;CAP_SON_MAI_00004;164.433;9.5;4;0.275;20.75
2023-09-05;CAP_SON_MAI_00004;252.4;46.65;133;0.275;20.75
2023-09-06;CAP_SON_MAI_00010;265.767;25.72;1;0.0;21.0
2023-09-06;CAP_SON_MAI_00004;36.15;1.62;4;0.0;21.0
2023-09-06;CAP_SON_MAI_00004;78.033;4.8;4;0.0;21.0
2023-09-06;CAP_SON_MAI_00010;296.283;10.95;46;0.0;21.0
2023-09-06;CAP_SON_MAI_00004;198.533;11.56;76;0.0;21.0
2023-09-06;CAP_SON_MAI_00003;28751.85;10.422;51;0.0;21.0
2023-09-06;CAP_SON_MAI_00010;225.95;12.26;55;0.0;21.0
2023-09-07;CAP_SON_MAI_00004;148.167;8.5;4;0.0;21.75
2023-09-07;CAP_SON_MAI_00004;101.183;12.16;55;0.0;21.75
2023-09-07;CAP_SON_MAI_00010;268.55;40.2;0;0.0;21.75
2023-09-07;CAP_SON_MAI_00001;177.217;6.17;5;0.0;21.75
2023-09-07;CAP_SON_MAI_00001;329.35;8.09;29;0.0;21.75
2023-09-07;CAP_SON_MAI_00004;132.283;16.09;1;0.0;21.75
2023-09-07;CAP_SON_MAI_00002;53.9;49.22;144;0.0;21.75
2023-09-07;CAP_SON_MAI_00010;224.167;41.9;29;0.0;21.75
2023-09-07;CAP_SON_MAI_00001;248.15;12.67;5;0.0;21.75
2023-09-07;CAP_SON_MAI_00004;199.483;11.62;76;0.0;21.75
2023-09-07;CAP_SON_MAI_00010;444.25;12.03;87;0.0;21.75
2023-09-08;CAP_SON_MAI_00001;89.017;10.21;29;0.0;21.75
2023-09-08;CAP_SON_MAI_00004;0.783;0.01;76;0.0;21.75
2023-09-08;CAP_SON_MAI_00001;645.7;8.17;5;0.0;21.75
2023-09-08;CAP_SON_MAI_00010;620.5;12.04;128;0.0;21.75
2023-09-08;CAP_SON_MAI_00004;174.883;10.2;4;0.0;21.75
2023-09-08;CAP_SON_MAI_00010;0.083;0.0;19;0.0;21.75
2023-09-08;CAP_SON_MAI_00010;257.05;10.49;19;0.0;21.75
2023-09-11;CAP_SON_MAI_00004;161.767;9.65;59;0.0;19.5
2023-09-11;CAP_SON_MAI_00010;321.05;10.16;19;0.0;19.5
2023-09-11;CAP_SON_MAI_00010;235.283;9.61;4;0.0;19.5
2023-09-11;CAP_SON_MAI_00003;218.533;12.489;59;0.0;19.5
2023-09-11;CAP_SON_MAI_00001;327.933;11.59;76;0.0;19.5
2023-09-11;CAP_SON_MAI_00010;0.083;0.0;4;0.0;19.5
2023-09-11;CAP_SON_MAI_00002;57.417;56.62;0;0.0;19.5
2023-09-12;CAP_SON_MAI_00004;140.533;7.93;76;0.0;20.0
2023-09-12;CAP_SON_MAI_00003;273.35;9.922;4;0.0;20.0
2023-09-12;CAP_SON_MAI_00010;240.333;44.69;0;0.0;20.0
2023-09-12;CAP_SON_MAI_00001;300.283;11.0;46;0.0;20.0
2023-09-12;CAP_SON_MAI_00010;0.067;0.0;144;0.0;20.0
2023-09-12;CAP_SON_MAI_00010;299.35;56.02;144;0.0;20.0
2023-09-12;CAP_SON_MAI_00010;268.883;50.48;133;0.0;20.0
2023-09-13;CAP_SON_MAI_00004;177.467;10.23;19;0.0;21.75
2023-09-13;CAP_SON_MAI_00001;307.167;5.6;87;0.0;21.75
2023-09-13;CAP_SON_MAI_00003;361.15;7.742;4;0.0;21.75
2023-09-13;CAP_SON_MAI_00010;726.9;12.21;128;0.0;21.75
2023-09-14;CAP_SON_MAI_00003;227.7;7.953;4;0.0;23.25
2023-09-14;CAP_SON_MAI_00010;0.233;0.0;19;0.0;23.25
2023-09-14;CAP_SON_MAI_00010;0.083;0.0;19;0.0;23.25
2023-09-14;CAP_SON_MAI_00010;230.55;7.28;19;0.0;23.25
2023-09-14;CAP_SON_MAI_00001;698.467;12.07;55;0.0;23.25
2023-09-14;CAP_SON_MAI_00010;357.55;60.26;133;0.0;23.25
2023-09-14;CAP_SON_MAI_00003;271.6;12.599;59;0.0;23.25
2023-09-14;CAP_SON_MAI_00001;305.117;7.59;51;0.0;23.25
2023-09-14;CAP_SON_MAI_00001;308.067;10.88;46;0.0;23.25
2023-09-15;CAP_SON_MAI_00010;243.217;8.67;13;0.0;20.75
2023-09-15;CAP_SON_MAI_00001;440.017;10.75;46;0.0;20.75
2023-09-15;CAP_SON_MAI_00004;183.433;10.19;19;0.0;20.75
2023-09-15;CAP_SON_MAI_00003;247.2;12.797;59;0.0;20.75
2023-09-16;CAP_SON_MAI_00002;11.233;16.71;144;0.4500000000000001;18.75
2023-09-16;CAP_SON_MAI_00002;9.15;9.08;144;0.4500000000000001;18.75
2023-09-18;CAP_SON_MAI_00010;296.15;46.88;29;0.3;18.25
2023-09-18;CAP_SON_MAI_00010;622.767;11.86;87;0.3;18.25
2023-09-18;CAP_SON_MAI_00004;162.617;9.32;4;0.3;18.25
2023-09-18;CAP_SON_MAI_00001;281.433;10.99;46;0.3;18.25
2023-09-18;CAP_SON_MAI_00003;331.917;11.526;76;0.3;18.25
2023-09-18;CAP_SON_MAI_00004;179.733;10.21;19;0.3;18.25
2023-09-19;CAP_SON_MAI_00004;137.0;7.65;76;0.0;18.75
2023-09-19;CAP_SON_MAI_00004;65.017;11.0;29;0.0;18.75
2023-09-19;CAP_SON_MAI_00010;364.967;26.18;1;0.0;18.75
2023-09-19;CAP_SON_MAI_00001;601.85;12.42;55;0.0;18.75
2023-09-19;CAP_SON_MAI_00010;297.9;11.41;46;0.0;18.75
2023-09-19;CAP_SON_MAI_00004;99.533;6.18;35;0.0;18.75
2023-09-19;CAP_SON_MAI_00002;44.15;36.9;0;0.0;18.75
2023-09-20;CAP_SON_MAI_00010;259.05;6.84;46;0.0;18.25
2023-09-20;CAP_SON_MAI_00004;205.033;12.37;50;0.0;18.25
2023-09-20;CAP_SON_MAI_00001;303.067;11.85;76;0.0;18.25
2023-09-21;CAP_SON_MAI_00002;34.85;20.94;29;0.175;18.5
2023-09-21;CAP_SON_MAI_00004;174.483;10.01;4;0.175;18.5
2023-09-21;CAP_SON_MAI_00003;180.8;10.79;50;0.175;18.5
2023-09-21;CAP_SON_MAI_00004;175.6;10.1;19;0.175;18.5
2023-09-21;CAP_SON_MAI_00010;0.067;0.0;55;0.175;18.5
2023-09-21;CAP_SON_MAI_00001;263.5;6.95;46;0.175;18.5
2023-09-21;CAP_SON_MAI_00001;531.05;12.59;51;0.175;18.5
2023-09-21;CAP_SON_MAI_00010;241.35;12.27;55;0.175;18.5
2023-09-22;CAP_SON_MAI_00002;41.5;47.83;134;0.05;17.5
2023-09-22;CAP_SON_MAI_00001;68.2;8.04;144;0.05;17.5
2023-09-22;CAP_SON_MAI_00001;319.5;12.28;50;0.05;17.5
2023-09-22;CAP_SON_MAI_00004;0.65;0.0;76;0.05;17.5
2023-09-22;CAP_SON_MAI_00010;4009.883;40.46;29;0.05;17.5
2023-09-22;CAP_SON_MAI_00001;118.183;9.39;46;0.05;17.5
2023-09-22;CAP_SON_MAI_00004;137.583;7.66;76;0.05;17.5
2023-09-22;CAP_SON_MAI_00001;335.167;4.7;51;0.05;17.5
2023-09-22;CAP_SON_MAI_00010;4270.983;11.54;55;0.05;17.5
2023-09-24;CAP_SON_MAI_00002;31.033;48.8;0;0.0;19.25
2023-09-25;CAP_SON_MAI_00001;327.117;10.3;35;0.0;20.0
2023-09-25;CAP_SON_MAI_00010;256.85;46.76;29;0.0;20.0
2023-09-25;CAP_SON_MAI_00001;288.817;12.54;5;0.0;20.0
2023-09-25;CAP_SON_MAI_00004;182.083;10.08;19;0.0;20.0
2023-09-25;CAP_SON_MAI_00001;313.533;10.97;46;0.0;20.0
2023-09-25;CAP_SON_MAI_00010;0.1;0.0;76;0.0;20.0
2023-09-25;CAP_SON_MAI_00004;57.05;6.82;1;0.0;20.0
2023-09-25;CAP_SON_MAI_00004;164.233;9.47;4;0.0;20.0
2023-09-25;CAP_SON_MAI_00002;52.017;47.65;144;0.0;20.0
2023-09-26;CAP_SON_MAI_00003;241.733;14.566;1;0.0;20.25
2023-09-26;CAP_SON_MAI_00004;273.267;50.83;133;0.0;20.25
2023-09-26;CAP_SON_MAI_00003;297.367;12.472;50;0.0;20.25
2023-09-26;CAP_SON_MAI_00001;357.833;6.67;5;0.0;20.25
2023-09-26;CAP_SON_MAI_00010;50.583;6.03;1;0.0;20.25
2023-09-26;CAP_SON_MAI_00001;265.183;23.89;0;0.0;20.25
2023-09-26;CAP_SON_MAI_00004;101.4;17.67;29;0.0;20.25
2023-09-26;CAP_SON_MAI_00004;195.833;11.23;76;0.0;20.25
2023-09-26;CAP_SON_MAI_00003;319.033;5.976;4;0.0;20.25
2023-09-27;CAP_SON_MAI_00010;172.417;10.36;59;0.0;19.5
2023-09-27;CAP_SON_MAI_00001;234.717;10.47;35;0.0;19.5
2023-09-27;CAP_SON_MAI_00004;200.583;12.21;128;0.0;19.5
2023-09-27;CAP_SON_MAI_00010;215.5;11.86;87;0.0;19.5
2023-09-27;CAP_SON_MAI_00004;129.767;23.46;0;0.0;19.5
2023-09-27;CAP_SON_MAI_00004;154.017;8.7;4;0.0;19.5
2023-09-27;CAP_SON_MAI_00003;381.167;17.264;1;0.0;19.5
2023-09-27;CAP_SON_MAI_00001;165.117;10.97;46;0.0;19.5
2023-09-28;CAP_SON_MAI_00003;310.233;12.342;128;0.0;20.75
2023-09-28;CAP_SON_MAI_00010;230.683;10.11;19;0.0;20.75
2023-09-28;CAP_SON_MAI_00003;233.733;12.629;59;0.0;20.75
2023-09-28;CAP_SON_MAI_00010;390.767;7.45;55;0.0;20.75
2023-09-28;CAP_SON_MAI_00002;31.7;21.01;144;0.0;20.75
2023-09-28;CAP_SON_MAI_00004;203.083;12.22;87;0.0;20.75
2023-09-28;CAP_SON_MAI_00004;100.567;12.2;55;0.0;20.75
2023-09-28;CAP_SON_MAI_00010;298.233;8.14;46;0.0;20.75
2023-09-28;CAP_SON_MAI_00004;197.25;11.4;76;0.0;20.75
2023-09-28;CAP_SON_MAI_00001;494.767;10.9;51;0.0;20.75
2023-09-28;CAP_SON_MAI_00003;244.383;21.612;0;0.0;20.75
2023-09-28;CAP_SON_MAI_00003;305.717;12.814;50;0.0;20.75
2023-09-28;CAP_SON_MAI_00002;43.567;45.98;29;0.0;20.75
2023-09-29;CAP_SON_MAI_00010;337.767;12.42;5;0.0;22.25
2023-10-02;CAP_SON_MAI_00001;0.2;0.0;30;0.0;21.0
2023-10-02;CAP_SON_MAI_00003;80.1;4.889;29;0.0;21.0
2023-10-02;CAP_SON_MAI_00003;15.117;0.891;59;0.0;21.0
2023-10-02;CAP_SON_MAI_00010;24.9;1.42;19;0.0;21.0
2023-10-02;CAP_SON_MAI_00001;0.217;0.01;30;0.0;21.0
2023-10-02;CAP_SON_MAI_00010;130.083;7.84;50;0.0;21.0
2023-10-02;CAP_SON_MAI_00002;49.7;28.54;13;0.0;21.0
2023-10-02;CAP_SON_MAI_00002;45.483;48.15;29;0.0;21.0
2023-10-02;CAP_SON_MAI_00001;297.133;10.91;46;0.0;21.0
2023-10-02;CAP_SON_MAI_00010;253.85;45.35;0;0.0;21.0
2023-10-02;CAP_SON_MAI_00004;214.333;26.05;1;0.0;21.0
2023-10-02;CAP_SON_MAI_00003;0.4;0.041;30;0.0;21.0
2023-10-02;CAP_SON_MAI_00003;109.467;6.749;4;0.0;21.0
2023-10-03;CAP_SON_MAI_00004;118.983;20.87;133;0.0;21.25
2023-10-03;CAP_SON_MAI_00010;192.333;11.44;50;0.0;21.25
2023-10-03;CAP_SON_MAI_00003;552.067;11.862;128;0.0;21.25
2023-10-03;CAP_SON_MAI_00010;306.367;11.94;87;0.0;21.25
2023-10-03;CAP_SON_MAI_00004;204.2;11.51;76;0.0;21.25
2023-10-03;CAP_SON_MAI_00001;305.433;10.85;46;0.0;21.25
2023-10-03;CAP_SON_MAI_00001;343.6;27.15;0;0.0;21.25
2023-10-03;CAP_SON_MAI_00004;220.767;39.84;133;0.0;21.25
2023-10-04;CAP_SON_MAI_00002;52.883;39.47;139;0.0;21.5
2023-10-04;CAP_SON_MAI_00003;876.05;5.99;1;0.0;21.5
2023-10-04;CAP_SON_MAI_00001;301.217;12.75;5;0.0;21.5
2023-10-04;CAP_SON_MAI_00010;236.383;32.69;0;0.0;21.5
2023-10-04;CAP_SON_MAI_00010;296.883;53.41;29;0.0;21.5
2023-10-04;CAP_SON_MAI_00010;673.517;11.78;87;0.0;21.5
2023-10-04;CAP_SON_MAI_00001;302.2;8.2;46;0.0;21.5
2023-10-04;CAP_SON_MAI_00004;148.083;8.21;76;0.0;21.5
2023-10-04;CAP_SON_MAI_00003;0.033;0.0;30;0.0;21.5
2023-10-04;CAP_SON_MAI_00003;0.083;0.006;30;0.0;21.5
2023-10-04;CAP_SON_MAI_00003;440.717;10.418;35;0.0;21.5
2023-10-06;CAP_SON_MAI_00010;128.917;7.56;19;0.0;22.0
2023-10-06;CAP_SON_MAI_00002;49.683;30.48;139;0.0;22.0
2023-10-06;CAP_SON_MAI_00004;200.517;12.04;59;0.0;22.0
2023-10-06;CAP_SON_MAI_00004;199.833;11.67;76;0.0;22.0
2023-10-06;CAP_SON_MAI_00003;713.5;11.847;128;0.0;22.0
2023-10-06;CAP_SON_MAI_00004;171.433;9.97;4;0.0;22.0
2023-10-06;CAP_SON_MAI_00001;680.75;26.82;1;0.0;22.0
2023-10-06;CAP_SON_MAI_00010;281.467;47.91;0;0.0;22.0
2023-10-07;CAP_SON_MAI_00002;20.333;33.35;0;0.0;24.5
2023-10-09;CAP_SON_MAI_00010;181.917;10.17;4;0.0;24.25
2023-10-09;CAP_SON_MAI_00010;622.567;12.04;87;0.0;24.25
2023-10-09;CAP_SON_MAI_00002;31.75;19.13;144;0.0;24.25
2023-10-09;CAP_SON_MAI_00010;238.317;10.36;19;0.0;24.25
2023-10-09;CAP_SON_MAI_00002;28.85;39.78;29;0.0;24.25
2023-10-09;CAP_SON_MAI_00002;21.383;7.91;29;0.0;24.25
2023-10-09;CAP_SON_MAI_00004;181.683;10.67;35;0.0;24.25
2023-10-10;CAP_SON_MAI_00002;46.767;36.72;0;0.0;23.5
2023-10-10;CAP_SON_MAI_00004;122.383;6.9;4;0.0;23.5
2023-10-10;CAP_SON_MAI_00003;252.367;15.875;133;0.0;23.5
2023-10-10;CAP_SON_MAI_00003;292.233;12.494;5;0.0;23.5
2023-10-10;CAP_SON_MAI_00010;279.533;12.72;50;0.0;23.5
2023-10-10;CAP_SON_MAI_00010;633.967;11.93;87;0.0;23.5
2023-10-10;CAP_SON_MAI_00004;332.1;59.56;133;0.0;23.5
2023-10-10;CAP_SON_MAI_00001;86.0;9.65;0;0.0;23.5
2023-10-10;CAP_SON_MAI_00010;1.967;0.1;19;0.0;23.5
2023-10-10;CAP_SON_MAI_00003;309.183;12.646;51;0.0;23.5
2023-10-10;CAP_SON_MAI_00003;289.683;34.503;144;0.0;23.5
2023-10-10;CAP_SON_MAI_00004;205.05;11.56;76;0.0;23.5
2023-10-10;CAP_SON_MAI_00001;315.65;10.8;46;0.0;23.5
2023-10-10;CAP_SON_MAI_00010;0.05;0.0;19;0.0;23.5
2023-10-11;CAP_SON_MAI_00001;186.75;12.28;55;0.0;23.0
2023-10-11;CAP_SON_MAI_00010;254.75;7.74;19;0.0;23.0
2023-10-11;CAP_SON_MAI_00001;343.917;12.44;50;0.0;23.0
2023-10-11;CAP_SON_MAI_00010;251.4;11.67;87;0.0;23.0
2023-10-11;CAP_SON_MAI_00003;318.867;4.192;51;0.0;23.0
2023-10-11;CAP_SON_MAI_00003;664.15;11.596;1;0.0;23.0
2023-10-11;CAP_SON_MAI_00004;147.017;8.4;76;0.0;23.0
2023-10-12;CAP_SON_MAI_00003;352.467;9.917;4;0.0;22.5
2023-10-12;CAP_SON_MAI_00010;4.517;0.0;46;0.0;22.5
2023-10-12;CAP_SON_MAI_00010;2.083;0.0;87;0.0;22.5
2023-10-12;CAP_SON_MAI_00001;273.917;12.66;128;0.0;22.5
2023-10-12;CAP_SON_MAI_00003;0.017;0.0;59;0.0;22.5
2023-10-12;CAP_SON_MAI_00003;76.583;4.485;59;0.0;22.5
2023-10-12;CAP_SON_MAI_00010;232.067;11.38;76;0.0;22.5
2023-10-13;CAP_SON_MAI_00002;51.533;48.33;133;0.375;20.75
2023-10-13;CAP_SON_MAI_00010;224.483;10.26;19;0.375;20.75
2023-10-13;CAP_SON_MAI_00004;138.683;7.89;4;0.375;20.75
2023-10-13;CAP_SON_MAI_00003;196.333;11.833;50;0.375;20.75
2023-10-13;CAP_SON_MAI_00004;143.3;8.32;35;0.375;20.75
2023-10-13;CAP_SON_MAI_00001;454.75;12.03;128;0.375;20.75
2023-10-13;CAP_SON_MAI_00002;37.883;23.83;144;0.375;20.75
2023-10-13;CAP_SON_MAI_00001;423.65;3.55;51;0.375;20.75
2023-10-13;CAP_SON_MAI_00004;234.917;43.83;134;0.375;20.75
2023-10-13;CAP_SON_MAI_00003;223.117;8.782;46;0.375;20.75
2023-10-13;CAP_SON_MAI_00010;637.867;12.2;55;0.375;20.75
2023-10-13;CAP_SON_MAI_00001;133.967;8.0;1;0.375;20.75
2023-10-13;CAP_SON_MAI_00002;56.417;44.49;139;0.375;20.75
2023-10-13;CAP_SON_MAI_00002;44.633;39.77;0;0.375;20.75
2023-10-15;CAP_SON_MAI_00002;32.5;47.02;0;0.425;18.5
2023-10-16;CAP_SON_MAI_00003;287.6;35.064;0;0.15;18.75
2023-10-16;CAP_SON_MAI_00003;651.65;26.899;1;0.15;18.75
2023-10-16;CAP_SON_MAI_00001;217.55;6.8;29;0.15;18.75
2023-10-16;CAP_SON_MAI_00010;216.433;10.35;19;0.15;18.75
2023-10-16;CAP_SON_MAI_00003;214.717;9.651;4;0.15;18.75
2023-10-16;CAP_SON_MAI_00001;152.15;4.0;35;0.15;18.75
2023-10-16;CAP_SON_MAI_00010;360.65;12.46;50;0.15;18.75
2023-10-16;CAP_SON_MAI_00004;201.8;12.08;59;0.15;18.75
2023-10-16;CAP_SON_MAI_00002;42.1;42.34;29;0.15;18.75
2023-10-16;CAP_SON_MAI_00002;37.467;50.1;133;0.15;18.75
2023-10-16;CAP_SON_MAI_00010;237.717;24.98;144;0.15;18.75
2023-10-16;CAP_SON_MAI_00004;198.267;11.56;76;0.15;18.75
2023-10-16;CAP_SON_MAI_00001;411.4;12.62;51;0.15;18.75
2023-10-16;CAP_SON_MAI_00002;49.8;45.91;139;0.15;18.75
2023-10-17;CAP_SON_MAI_00001;82.483;9.37;0;0.625;20.0
2023-10-17;CAP_SON_MAI_00010;534.65;12.31;87;0.625;20.0
2023-10-17;CAP_SON_MAI_00004;206.617;12.51;50;0.625;20.0
2023-10-17;CAP_SON_MAI_00002;49.867;51.89;29;0.625;20.0
2023-10-17;CAP_SON_MAI_00003;245.617;9.679;4;0.625;20.0
2023-10-17;CAP_SON_MAI_00002;45.35;32.369;139;0.625;20.0
2023-10-17;CAP_SON_MAI_00010;93.117;5.43;19;0.625;20.0
2023-10-18;CAP_SON_MAI_00001;81.4;1.63;46;0.3;19.0
2023-10-18;CAP_SON_MAI_00004;214.85;12.63;5;0.3;19.0
2023-10-18;CAP_SON_MAI_00003;333.1;36.118;0;0.3;19.0
2023-10-18;CAP_SON_MAI_00010;243.983;12.01;87;0.3;19.0
2023-10-18;CAP_SON_MAI_00001;217.6;9.19;46;0.3;19.0
2023-10-18;CAP_SON_MAI_00003;898.733;12.883;50;0.3;19.0
2023-10-18;CAP_SON_MAI_00004;150.383;8.57;4;0.3;19.0
2023-10-19;CAP_SON_MAI_00004;108.15;6.53;50;1.275;17.5
2023-10-19;CAP_SON_MAI_00002;44.517;36.7;139;1.275;17.5
2023-10-19;CAP_SON_MAI_00002;0.767;0.92;139;1.275;17.5
2023-10-19;CAP_SON_MAI_00001;16.417;0.96;50;1.275;17.5
2023-10-19;CAP_SON_MAI_00010;571.133;12.64;5;1.275;17.5
2023-10-19;CAP_SON_MAI_00004;106.883;19.32;0;1.275;17.5
2023-10-19;CAP_SON_MAI_00004;92.317;11.21;55;1.275;17.5
2023-10-19;CAP_SON_MAI_00003;303.617;9.347;4;1.275;17.5
2023-10-19;CAP_SON_MAI_00004;174.15;10.32;35;1.275;17.5
2023-10-19;CAP_SON_MAI_00001;323.267;9.48;46;1.275;17.5
2023-10-19;CAP_SON_MAI_00003;572.25;27.063;1;1.275;17.5
2023-10-19;CAP_SON_MAI_00010;0.067;0.0;5;1.275;17.5
2023-10-20;CAP_SON_MAI_00002;40.567;26.34;139;0.6749999999999999;15.5
2023-10-20;CAP_SON_MAI_00003;0.2;0.007;139;0.6749999999999999;15.5
2023-10-20;CAP_SON_MAI_00002;49.533;49.53;29;0.6749999999999999;15.5
2023-10-20;CAP_SON_MAI_00004;127.9;7.38;35;0.6749999999999999;15.5
2023-10-20;CAP_SON_MAI_00010;328.733;8.17;46;0.6749999999999999;15.5
2023-10-20;CAP_SON_MAI_00003;224.9;12.7;51;0.6749999999999999;15.5
2023-10-20;CAP_SON_MAI_00004;2.15;0.17;29;0.6749999999999999;15.5
2023-10-21;CAP_SON_MAI_00002;22.217;23.13;0;0.4;15.75
2023-10-21;CAP_SON_MAI_00002;34.75;43.82;0;0.4;15.75
2023-10-23;CAP_SON_MAI_00010;317.567;12.09;128;0.975;14.75
2023-10-23;CAP_SON_MAI_00002;51.533;39.03;139;0.975;14.75
2023-10-23;CAP_SON_MAI_00010;0.15;0.0;128;0.975;14.75
2023-10-23;CAP_SON_MAI_00001;199.283;11.05;46;0.975;14.75
2023-10-23;CAP_SON_MAI_00004;197.617;11.48;76;0.975;14.75
2023-10-23;CAP_SON_MAI_00010;273.683;12.59;50;0.975;14.75
2023-10-23;CAP_SON_MAI_00004;245.033;45.6;0;0.975;14.75
2023-10-23;CAP_SON_MAI_00001;608.933;26.82;1;0.975;14.75
2023-10-23;CAP_SON_MAI_00004;170.433;10.07;35;0.975;14.75
2023-10-23;CAP_SON_MAI_00002;30.733;41.67;29;0.975;14.75
2023-10-24;CAP_SON_MAI_00010;188.0;10.16;19;1.075;15.25
2023-10-24;CAP_SON_MAI_00003;259.183;12.577;50;1.075;15.25
2023-10-24;CAP_SON_MAI_00004;200.65;11.99;87;1.075;15.25
2023-10-24;CAP_SON_MAI_00002;66.333;43.75;134;1.075;15.25
2023-10-24;CAP_SON_MAI_00010;593.833;12.24;55;1.075;15.25
2023-10-24;CAP_SON_MAI_00003;658.267;19.008;1;1.075;15.25
2023-10-24;CAP_SON_MAI_00001;271.083;10.73;46;1.075;15.25
2023-10-24;CAP_SON_MAI_00004;127.65;22.11;0;1.075;15.25
2023-10-24;CAP_SON_MAI_00001;511.083;12.84;5;1.075;15.25
2023-10-25;CAP_SON_MAI_00004;196.067;11.25;76;0.325;17.75
2023-10-25;CAP_SON_MAI_00010;217.883;40.03;144;0.325;17.75
2023-10-25;CAP_SON_MAI_00001;269.6;10.91;46;0.325;17.75
2023-10-25;CAP_SON_MAI_00001;552.633;12.1;87;0.325;17.75
2023-10-25;CAP_SON_MAI_00004;192.0;11.5;128;0.325;17.75
2023-10-25;CAP_SON_MAI_00004;78.383;4.47;128;0.325;17.75
2023-10-26;CAP_SON_MAI_00010;569.5;12.87;59;0.975;17.75
2023-10-26;CAP_SON_MAI_00010;507.85;12.65;50;0.975;17.75
2023-10-26;CAP_SON_MAI_00001;399.933;7.0;5;0.975;17.75
2023-10-26;CAP_SON_MAI_00004;31.4;1.81;59;0.975;17.75
2023-10-26;CAP_SON_MAI_00003;272.483;30.546;0;0.975;17.75
2023-10-26;CAP_SON_MAI_00003;332.967;9.639;4;0.975;17.75
2023-10-26;CAP_SON_MAI_00001;655.717;12.3;55;0.975;17.75
2023-10-27;CAP_SON_MAI_00004;149.083;26.61;0;0.75;16.5
2023-10-27;CAP_SON_MAI_00002;44.083;46.23;29;0.75;16.5
2023-10-27;CAP_SON_MAI_00010;240.65;10.1;19;0.75;16.5
2023-10-27;CAP_SON_MAI_00010;257.883;6.45;19;0.75;16.5
2023-10-27;CAP_SON_MAI_00010;475.317;13.2;1;0.75;16.5
2023-10-27;CAP_SON_MAI_00004;176.7;10.35;35;0.75;16.5
2023-10-27;CAP_SON_MAI_00003;592.233;7.821;59;0.75;16.5
2023-10-27;CAP_SON_MAI_00001;552.817;11.15;55;0.75;16.5
2023-10-29;CAP_SON_MAI_00002;22.583;37.35;0;0.775;16.75
2023-10-30;CAP_SON_MAI_00001;253.05;10.84;46;0.525;16.0
2023-10-30;CAP_SON_MAI_00003;271.75;12.643;50;0.525;16.0
2023-10-30;CAP_SON_MAI_00010;298.333;12.39;55;0.525;16.0
2023-10-30;CAP_SON_MAI_00001;276.383;32.14;0;0.525;16.0
2023-10-30;CAP_SON_MAI_00004;173.967;10.18;35;0.525;16.0
2023-10-30;CAP_SON_MAI_00010;696.083;12.44;139;0.525;16.0
2023-10-30;CAP_SON_MAI_00003;698.133;26.317;1;0.525;16.0
2023-10-30;CAP_SON_MAI_00003;307.033;7.472;4;0.525;16.0
2023-10-30;CAP_SON_MAI_00004;198.217;11.31;76;0.525;16.0
2023-10-30;CAP_SON_MAI_00001;342.233;12.53;5;0.525;16.0
2023-10-31;CAP_SON_MAI_00003;249.35;12.535;50;0.2;15.5
2023-10-31;CAP_SON_MAI_00002;54.217;43.85;139;0.2;15.5
2023-10-31;CAP_SON_MAI_00004;169.867;9.64;4;0.2;15.5
2023-10-31;CAP_SON_MAI_00003;245.317;23.096;0;0.2;15.5
2023-10-31;CAP_SON_MAI_00002;23.667;25.04;144;0.2;15.5
2023-10-31;CAP_SON_MAI_00010;128.3;23.31;29;0.2;15.5
2023-10-31;CAP_SON_MAI_00004;163.283;9.22;76;0.2;15.5
2023-10-31;CAP_SON_MAI_00004;176.117;10.3;35;0.2;15.5
2023-10-31;CAP_SON_MAI_00010;190.85;26.66;29;0.2;15.5
2023-11-02;CAP_SON_MAI_00010;463.783;48.98;29;0.3;15.5
2023-11-02;CAP_SON_MAI_00004;208.567;12.45;50;0.3;15.5
2023-11-02;CAP_SON_MAI_00004;190.367;10.43;19;0.3;15.5
2023-11-02;CAP_SON_MAI_00001;310.667;11.02;46;0.3;15.5
2023-11-02;CAP_SON_MAI_00003;306.3;36.696;0;0.3;15.5
2023-11-02;CAP_SON_MAI_00010;296.633;26.27;1;0.3;15.5
2023-11-03;CAP_SON_MAI_00004;199.35;11.29;76;0.25;15.5
2023-11-03;CAP_SON_MAI_00003;714.75;10.514;1;0.25;15.5
2023-11-03;CAP_SON_MAI_00010;308.4;8.2;46;0.25;15.5
2023-11-03;CAP_SON_MAI_00004;1.0;0.01;128;0.25;15.5
2023-11-03;CAP_SON_MAI_00001;537.267;33.53;0;0.25;15.5
2023-11-03;CAP_SON_MAI_00010;132.033;23.93;139;0.25;15.5
2023-11-03;CAP_SON_MAI_00002;35.367;25.7;139;0.25;15.5
2023-11-04;CAP_SON_MAI_00002;52.417;52.04;0;0.4000000000000001;16.5
2023-11-04;CAP_SON_MAI_00002;21.983;34.06;144;0.4000000000000001;16.5
2023-11-04;CAP_SON_MAI_00003;169.383;18.061;144;0.4000000000000001;16.5
2023-11-06;CAP_SON_MAI_00004;175.95;9.81;19;0.325;13.75
2023-11-06;CAP_SON_MAI_00001;702.9;22.1;1;0.325;13.75
2023-11-06;CAP_SON_MAI_00004;166.1;9.38;4;0.325;13.75
2023-11-06;CAP_SON_MAI_00010;308.967;18.9;1;0.325;13.75
2023-11-06;CAP_SON_MAI_00002;48.583;48.73;29;0.325;13.75
2023-11-06;CAP_SON_MAI_00010;297.85;12.34;55;0.325;13.75
2023-11-06;CAP_SON_MAI_00001;286.95;33.06;134;0.325;13.75
2023-11-06;CAP_SON_MAI_00003;378.667;33.022;0;0.325;13.75
2023-11-07;CAP_SON_MAI_00004;172.8;10.14;35;0.1;14.75
2023-11-07;CAP_SON_MAI_00010;194.383;18.53;0;0.1;14.75
2023-11-07;CAP_SON_MAI_00010;145.417;8.12;19;0.1;14.75
2023-11-07;CAP_SON_MAI_00004;201.1;11.75;50;0.1;14.75
2023-11-07;CAP_SON_MAI_00004;0.65;0.0;50;0.1;14.75
2023-11-07;CAP_SON_MAI_00003;337.267;11.813;133;0.1;14.75
2023-11-07;CAP_SON_MAI_00003;42.683;5.246;144;0.1;14.75
2023-11-07;CAP_SON_MAI_00010;0.067;0.0;134;0.1;14.75
2023-11-07;CAP_SON_MAI_00003;134.45;15.909;144;0.1;14.75
2023-11-07;CAP_SON_MAI_00001;298.25;10.93;46;0.1;14.75
2023-11-07;CAP_SON_MAI_00001;291.333;8.03;51;0.1;14.75
2023-11-07;CAP_SON_MAI_00004;161.833;9.0;19;0.1;14.75
2023-11-07;CAP_SON_MAI_00001;1.983;0.06;51;0.1;14.75
2023-11-07;CAP_SON_MAI_00004;150.25;8.31;76;0.1;14.75
2023-11-07;CAP_SON_MAI_00010;318.717;38.41;134;0.1;14.75
2023-11-07;CAP_SON_MAI_00002;32.417;46.48;133;0.1;14.75
2023-11-08;CAP_SON_MAI_00010;175.133;7.1;4;2.725;14.25
2023-11-08;CAP_SON_MAI_00001;185.25;21.32;139;2.725;14.25
2023-11-08;CAP_SON_MAI_00004;218.483;12.76;50;2.725;14.25
2023-11-08;CAP_SON_MAI_00004;0.65;0.0;50;2.725;14.25
2023-11-08;CAP_SON_MAI_00001;471.35;4.21;51;2.725;14.25
2023-11-08;CAP_SON_MAI_00010;169.617;10.87;46;2.725;14.25
2023-11-08;CAP_SON_MAI_00010;178.983;25.96;0;2.725;14.25
2023-11-08;CAP_SON_MAI_00003;357.4;11.568;76;2.725;14.25
2023-11-08;CAP_SON_MAI_00004;182.533;10.45;76;2.725;14.25
2023-11-08;CAP_SON_MAI_00004;0.65;0.0;50;2.725;14.25
2023-11-09;CAP_SON_MAI_00002;50.283;45.07;29;0.025;15.0
2023-11-09;CAP_SON_MAI_00010;327.417;8.42;55;0.025;15.0
2023-11-09;CAP_SON_MAI_00010;289.117;10.48;46;0.025;15.0
2023-11-09;CAP_SON_MAI_00002;37.983;23.03;144;0.025;15.0
2023-11-09;CAP_SON_MAI_00001;496.3;53.54;133;0.025;15.0
2023-11-09;CAP_SON_MAI_00004;364.217;22.33;1;0.025;15.0
2023-11-09;CAP_SON_MAI_00003;322.65;10.491;4;0.025;15.0
2023-11-09;CAP_SON_MAI_00004;204.183;11.59;76;0.025;15.0
2023-11-09;CAP_SON_MAI_00010;169.983;12.38;55;0.025;15.0
2023-11-10;CAP_SON_MAI_00004;0.633;0.0;87;0.675;15.25
2023-11-10;CAP_SON_MAI_00004;0.217;0.0;87;0.675;15.25
2023-11-10;CAP_SON_MAI_00010;266.583;6.07;4;0.675;15.25
2023-11-10;CAP_SON_MAI_00002;62.367;54.72;139;0.675;15.25
2023-11-10;CAP_SON_MAI_00001;49.867;5.54;46;0.675;15.25
2023-11-10;CAP_SON_MAI_00003;584.783;11.916;128;0.675;15.25
2023-11-10;CAP_SON_MAI_00002;38.15;50.43;133;0.675;15.25
2023-11-10;CAP_SON_MAI_00010;330.867;9.99;19;0.675;15.25
2023-11-10;CAP_SON_MAI_00010;344.7;27.21;0;0.675;15.25
2023-11-10;CAP_SON_MAI_00004;183.35;10.37;76;0.675;15.25
2023-11-10;CAP_SON_MAI_00001;281.917;8.19;51;0.675;15.25
2023-11-10;CAP_SON_MAI_00004;189.283;22.68;1;0.675;15.25
2023-11-10;CAP_SON_MAI_00001;444.8;48.84;134;0.675;15.25
2023-11-10;CAP_SON_MAI_00003;586.083;12.607;5;0.675;15.25
2023-11-12;CAP_SON_MAI_00004;195.1;11.69;128;0.35;17.75
2023-11-12;CAP_SON_MAI_00004;46.683;2.54;128;0.35;17.75
2023-11-12;CAP_SON_MAI_00002;54.067;50.28;0;0.35;17.75
2023-11-13;CAP_SON_MAI_00004;0.733;0.02;128;0.0;17.0
2023-11-13;CAP_SON_MAI_00004;202.967;12.09;128;0.0;17.0
2023-11-13;CAP_SON_MAI_00010;192.617;11.31;50;0.0;17.0
2023-11-13;CAP_SON_MAI_00003;221.783;9.768;4;0.0;17.0
2023-11-13;CAP_SON_MAI_00010;0.6;0.0;5;0.0;17.0
2023-11-13;CAP_SON_MAI_00004;176.283;10.38;35;0.0;17.0
2023-11-13;CAP_SON_MAI_00003;359.083;11.267;76;0.0;17.0
2023-11-13;CAP_SON_MAI_00001;242.6;10.95;46;0.0;17.0
2023-11-14;CAP_SON_MAI_00004;0.517;0.0;55;0.0;16.5
2023-11-14;CAP_SON_MAI_00004;102.7;12.13;55;0.0;16.5
2023-11-14;CAP_SON_MAI_00010;1493.717;41.77;134;0.0;16.5
2023-11-14;CAP_SON_MAI_00001;495.95;12.77;51;0.0;16.5
2023-11-14;CAP_SON_MAI_00003;210.4;10.585;35;0.0;16.5
2023-11-14;CAP_SON_MAI_00003;576.183;55.564;133;0.0;16.5
2023-11-14;CAP_SON_MAI_00010;1453.95;11.47;87;0.0;16.5
2023-11-14;CAP_SON_MAI_00004;112.317;19.23;144;0.0;16.5
2023-11-15;CAP_SON_MAI_00004;240.933;43.24;0;0.0;17.0
2023-11-15;CAP_SON_MAI_00003;222.7;12.488;50;0.0;17.0
2023-11-15;CAP_SON_MAI_00010;579.683;12.31;55;0.0;17.0
2023-11-15;CAP_SON_MAI_00002;56.733;45.71;139;0.0;17.0
2023-11-15;CAP_SON_MAI_00004;179.017;9.86;19;0.0;17.0
2023-11-15;CAP_SON_MAI_00001;453.3;16.3;134;0.0;17.0
2023-11-15;CAP_SON_MAI_00004;0.3;0.0;19;0.0;17.0
2023-11-15;CAP_SON_MAI_00003;298.217;11.389;76;0.0;17.0
2023-11-16;CAP_SON_MAI_00003;656.217;25.756;1;0.1;16.75
2023-11-16;CAP_SON_MAI_00003;276.367;8.516;76;0.1;16.75
2023-11-16;CAP_SON_MAI_00001;310.717;8.46;46;0.1;16.75
2023-11-16;CAP_SON_MAI_00004;164.75;9.49;4;0.1;16.75
2023-11-16;CAP_SON_MAI_00010;639.65;4.86;19;0.1;16.75
2023-11-16;CAP_SON_MAI_00002;55.867;52.91;144;0.1;16.75
2023-11-16;CAP_SON_MAI_00001;330.817;38.35;133;0.1;16.75
2023-11-16;CAP_SON_MAI_00004;103.017;12.06;55;0.1;16.75
2023-11-16;CAP_SON_MAI_00010;273.133;12.7;50;0.1;16.75
2023-11-16;CAP_SON_MAI_00001;258.35;12.69;5;0.1;16.75
2023-11-17;CAP_SON_MAI_00002;50.767;49.06;139;0.0;16.0
2023-11-17;CAP_SON_MAI_00001;648.183;11.93;128;0.0;16.0
2023-11-17;CAP_SON_MAI_00004;95.217;11.15;55;0.0;16.0
2023-11-17;CAP_SON_MAI_00001;305.95;10.84;46;0.0;16.0
2023-11-17;CAP_SON_MAI_00004;172.9;10.04;4;0.0;16.0
2023-11-20;CAP_SON_MAI_00001;171.8;9.92;51;0.0;16.0
2023-11-20;CAP_SON_MAI_00003;611.55;11.307;76;0.0;16.0
2023-11-20;CAP_SON_MAI_00001;258.85;22.6;0;0.0;16.0
2023-11-20;CAP_SON_MAI_00010;299.467;10.8;46;0.0;16.0
2023-11-20;CAP_SON_MAI_00004;101.4;12.13;55;0.0;16.0
2023-11-20;CAP_SON_MAI_00001;157.75;9.71;35;0.0;16.0
2023-11-20;CAP_SON_MAI_00004;166.867;9.65;4;0.0;16.0
2023-11-20;CAP_SON_MAI_00004;55.533;6.61;55;0.0;16.0
2023-11-20;CAP_SON_MAI_00010;334.333;47.03;139;0.0;16.0
2023-11-21;CAP_SON_MAI_00002;62.317;53.16;144;0.0;13.0
2023-11-21;CAP_SON_MAI_00010;1.55;0.21;144;0.0;13.0
2023-11-21;CAP_SON_MAI_00001;344.767;7.55;0;0.0;13.0
2023-11-21;CAP_SON_MAI_00004;91.967;10.82;55;0.0;13.0
2023-11-21;CAP_SON_MAI_00004;179.717;10.32;35;0.0;13.0
2023-11-21;CAP_SON_MAI_00010;275.367;8.46;76;0.0;13.0
2023-11-21;CAP_SON_MAI_00001;304.25;10.33;46;0.0;13.0
2023-11-21;CAP_SON_MAI_00003;322.75;8.864;4;0.0;13.0
2023-11-21;CAP_SON_MAI_00010;239.033;12.25;55;0.0;13.0
2023-11-21;CAP_SON_MAI_00004;147.333;8.04;13;0.0;13.0
2023-11-22;CAP_SON_MAI_00001;212.9;12.59;59;0.0;12.75
2023-11-22;CAP_SON_MAI_00010;241.367;8.58;46;0.0;12.75
2023-11-22;CAP_SON_MAI_00004;101.65;11.95;55;0.0;12.75
2023-11-22;CAP_SON_MAI_00001;316.567;7.49;13;0.0;12.75
2023-11-22;CAP_SON_MAI_00001;77.25;4.69;87;0.0;12.75
2023-11-22;CAP_SON_MAI_00004;175.667;10.28;35;0.0;12.75
2023-11-22;CAP_SON_MAI_00004;1.133;0.05;35;0.0;12.75
2023-11-22;CAP_SON_MAI_00003;706.717;26.858;1;0.0;12.75
2023-11-22;CAP_SON_MAI_00010;174.05;11.29;55;0.0;12.75
2023-11-22;CAP_SON_MAI_00001;74.967;4.51;87;0.0;12.75
2023-11-23;CAP_SON_MAI_00004;206.35;12.62;59;0.0;13.75
2023-11-23;CAP_SON_MAI_00010;316.317;49.64;29;0.0;13.75
2023-11-23;CAP_SON_MAI_00010;338.667;21.43;144;0.0;13.75
2023-11-23;CAP_SON_MAI_00003;258.817;16.714;0;0.0;13.75
2023-11-23;CAP_SON_MAI_00010;245.967;11.73;55;0.0;13.75
2023-11-23;CAP_SON_MAI_00001;456.567;7.54;51;0.0;13.75
2023-11-23;CAP_SON_MAI_00004;165.733;9.62;4;0.0;13.75
2023-11-24;CAP_SON_MAI_00010;454.367;12.58;50;0.0;13.25
2023-11-24;CAP_SON_MAI_00002;46.467;28.75;139;0.0;13.25
2023-11-24;CAP_SON_MAI_00004;34.033;6.16;139;0.0;13.25
2023-11-24;CAP_SON_MAI_00004;146.083;8.24;4;0.0;13.25
2023-11-24;CAP_SON_MAI_00001;211.417;20.44;0;0.0;13.25
2023-11-24;CAP_SON_MAI_00010;0.417;0.0;87;0.0;13.25
2023-11-24;CAP_SON_MAI_00001;346.95;11.73;76;0.0;13.25
2023-11-24;CAP_SON_MAI_00003;392.333;11.289;76;0.0;13.25
2023-11-24;CAP_SON_MAI_00010;565.417;12.13;55;0.0;13.25
2023-11-24;CAP_SON_MAI_00004;190.3;23.59;1;0.0;13.25
2023-11-24;CAP_SON_MAI_00003;328.483;5.889;13;0.0;13.25
2023-11-25;CAP_SON_MAI_00002;17.8;29.76;0;0.0;13.25
2023-11-26;CAP_SON_MAI_00004;54.667;9.88;0;0.0;13.25
2023-11-27;CAP_SON_MAI_00010;226.233;9.42;46;0.0;13.5
2023-11-27;CAP_SON_MAI_00003;384.0;8.953;13;0.0;13.5
2023-11-27;CAP_SON_MAI_00002;58.75;50.61;0;0.0;13.5
2023-11-27;CAP_SON_MAI_00003;228.15;11.446;76;0.0;13.5
2023-11-27;CAP_SON_MAI_00004;99.717;12.0;55;0.0;13.5
2023-11-27;CAP_SON_MAI_00002;38.8;46.26;133;0.0;13.5
2023-11-28;CAP_SON_MAI_00004;211.383;25.99;1;0.0;15.25
2023-11-28;CAP_SON_MAI_00010;620.067;12.21;55;0.0;15.25
2023-11-28;CAP_SON_MAI_00010;304.55;10.75;46;0.0;15.25
2023-11-28;CAP_SON_MAI_00003;276.767;9.274;13;0.0;15.25
2023-11-28;CAP_SON_MAI_00004;193.6;11.26;76;0.0;15.25
2023-11-28;CAP_SON_MAI_00003;226.183;12.442;50;0.0;15.25
2023-11-28;CAP_SON_MAI_00010;113.217;6.94;128;0.0;15.25
2023-11-29;CAP_SON_MAI_00004;195.95;11.36;76;0.5;16.25
2023-11-29;CAP_SON_MAI_00003;343.05;12.587;5;0.5;16.25
2023-11-29;CAP_SON_MAI_00010;111.083;18.79;0;0.5;16.25
2023-11-29;CAP_SON_MAI_00004;174.267;9.79;19;0.5;16.25
2023-11-29;CAP_SON_MAI_00010;698.033;11.25;55;0.5;16.25
2023-11-29;CAP_SON_MAI_00003;289.1;9.207;13;0.5;16.25
2023-11-30;CAP_SON_MAI_00004;0.283;0.0;13;1.15;12.5
2023-11-30;CAP_SON_MAI_00004;41.2;7.39;29;1.15;12.5
2023-11-30;CAP_SON_MAI_00004;166.567;9.14;13;1.15;12.5
2023-11-30;CAP_SON_MAI_00010;192.033;35.09;144;1.15;12.5
2023-11-30;CAP_SON_MAI_00003;827.25;26.832;1;1.15;12.5
2023-11-30;CAP_SON_MAI_00002;51.617;47.14;29;1.15;12.5
2023-11-30;CAP_SON_MAI_00004;171.183;9.97;4;1.15;12.5
2023-11-30;CAP_SON_MAI_00004;90.683;10.82;46;1.15;12.5
2023-11-30;CAP_SON_MAI_00010;273.683;11.02;55;1.15;12.5
2023-11-30;CAP_SON_MAI_00010;327.25;6.43;55;1.15;12.5
2023-12-01;CAP_SON_MAI_00001;3545.4;26.7;0;0.6000000000000001;12.0
2023-12-04;CAP_SON_MAI_00004;82.883;14.14;29;0.07500000000000001;13.75
2023-12-04;CAP_SON_MAI_00002;46.75;33.78;133;0.07500000000000001;13.75
2023-12-04;CAP_SON_MAI_00002;11.1;18.65;133;0.07500000000000001;13.75
2023-12-04;CAP_SON_MAI_00010;254.417;9.9;19;0.07500000000000001;13.75
2023-12-04;CAP_SON_MAI_00002;20.35;30.88;29;0.07500000000000001;13.75
2023-12-04;CAP_SON_MAI_00002;58.4;45.47;139;0.07500000000000001;13.75
2023-12-04;CAP_SON_MAI_00004;92.283;10.81;46;0.07500000000000001;13.75
2023-12-04;CAP_SON_MAI_00002;46.8;51.07;144;0.07500000000000001;13.75
2023-12-04;CAP_SON_MAI_00003;585.35;9.537;4;0.07500000000000001;13.75
2023-12-05;CAP_SON_MAI_00010;220.35;8.65;46;0.0;10.5
2023-12-05;CAP_SON_MAI_00002;56.667;49.67;144;0.0;10.5
2023-12-05;CAP_SON_MAI_00010;307.25;12.68;50;0.0;10.5
2023-12-05;CAP_SON_MAI_00003;134.85;7.986;59;0.0;10.5
2023-12-05;CAP_SON_MAI_00004;196.683;11.23;76;0.0;10.5
2023-12-06;CAP_SON_MAI_00001;151.983;9.16;50;0.0;10.5
2023-12-06;CAP_SON_MAI_00003;211.433;12.707;59;0.0;10.5
2023-12-06;CAP_SON_MAI_00010;292.517;6.58;76;0.0;10.5
2023-12-06;CAP_SON_MAI_00010;615.483;12.07;55;0.0;10.5
2023-12-06;CAP_SON_MAI_00004;170.033;9.79;76;0.0;10.5
2023-12-06;CAP_SON_MAI_00010;131.533;8.04;50;0.0;10.5
2023-12-07;CAP_SON_MAI_00004;264.667;48.69;139;2.725;14.5
2023-12-07;CAP_SON_MAI_00010;179.617;12.39;55;2.725;14.5
2023-12-07;CAP_SON_MAI_00001;267.667;31.48;0;2.725;14.5
2023-12-07;CAP_SON_MAI_00002;55.483;50.09;133;2.725;14.5
2023-12-07;CAP_SON_MAI_00001;503.317;43.99;29;2.725;14.5
2023-12-07;CAP_SON_MAI_00001;196.417;10.62;46;2.725;14.5
2023-12-07;CAP_SON_MAI_00010;36.467;6.76;133;2.725;14.5
2023-12-07;CAP_SON_MAI_00001;200.233;11.59;87;2.725;14.5
2023-12-09;CAP_SON_MAI_00002;22.4;36.53;144;0.225;15.5
2023-12-11;CAP_SON_MAI_00001;263.967;12.32;55;0.05;16.25
2023-12-11;CAP_SON_MAI_00004;204.5;12.51;50;0.05;16.25
2023-12-11;CAP_SON_MAI_00001;227.383;26.79;29;0.05;16.25
2023-12-11;CAP_SON_MAI_00001;76.983;8.63;55;0.05;16.25
2023-12-11;CAP_SON_MAI_00002;47.05;36.16;0;0.05;16.25
2023-12-11;CAP_SON_MAI_00010;320.667;10.76;46;0.05;16.25
2023-12-11;CAP_SON_MAI_00003;617.3;10.134;4;0.05;16.25
2023-12-11;CAP_SON_MAI_00004;194.517;11.23;76;0.05;16.25
2023-12-11;CAP_SON_MAI_00004;209.817;25.85;1;0.05;16.25
2023-12-12;CAP_SON_MAI_00004;189.783;33.89;29;0.825;14.75
2023-12-12;CAP_SON_MAI_00003;308.283;8.321;76;0.825;14.75
2023-12-12;CAP_SON_MAI_00010;352.983;59.79;133;0.825;14.75
2023-12-12;CAP_SON_MAI_00001;209.283;20.16;144;0.825;14.75
2023-12-12;CAP_SON_MAI_00010;564.7;12.15;55;0.825;14.75
2023-12-12;CAP_SON_MAI_00003;324.083;5.914;4;0.825;14.75
2023-12-13;CAP_SON_MAI_00010;0.083;0.0;128;0.15;13.0
2023-12-13;CAP_SON_MAI_00004;209.933;12.72;59;0.15;13.0
2023-12-13;CAP_SON_MAI_00004;0.65;0.0;59;0.15;13.0
2023-12-13;CAP_SON_MAI_00004;0.65;0.0;59;0.15;13.0
2023-12-13;CAP_SON_MAI_00004;233.583;41.99;139;0.15;13.0
2023-12-13;CAP_SON_MAI_00001;344.783;9.07;13;0.15;13.0
2023-12-13;CAP_SON_MAI_00003;722.967;8.587;4;0.15;13.0
2023-12-13;CAP_SON_MAI_00010;240.733;10.84;46;0.15;13.0
2023-12-14;CAP_SON_MAI_00003;8904.25;9.326;1;0.0;11.25
2023-12-14;CAP_SON_MAI_00001;240.883;28.53;0;0.0;11.25
2023-12-14;CAP_SON_MAI_00004;101.883;12.24;55;0.0;11.25
2023-12-14;CAP_SON_MAI_00002;55.617;52.55;133;0.0;11.25
2023-12-14;CAP_SON_MAI_00002;43.233;31.29;144;0.0;11.25
2023-12-14;CAP_SON_MAI_00002;57.217;50.35;139;0.0;11.25
2023-12-14;CAP_SON_MAI_00004;204.417;12.55;50;0.0;11.25
2023-12-14;CAP_SON_MAI_00010;205.767;9.93;19;0.0;11.25
2023-12-15;CAP_SON_MAI_00001;285.067;12.88;50;0.0;12.25
2023-12-15;CAP_SON_MAI_00002;8.15;5.75;144;0.0;12.25
2023-12-15;CAP_SON_MAI_00002;52.317;49.35;29;0.0;12.25
2023-12-15;CAP_SON_MAI_00001;213.533;12.56;5;0.0;12.25
2023-12-15;CAP_SON_MAI_00010;0.183;0.01;87;0.0;12.25
2023-12-15;CAP_SON_MAI_00004;166.583;9.65;4;0.0;12.25
2023-12-15;CAP_SON_MAI_00004;96.083;11.81;55;0.0;12.25
2023-12-18;CAP_SON_MAI_00004;279.433;50.46;139;0.0;10.75
2023-12-18;CAP_SON_MAI_00004;169.633;9.61;4;0.0;10.75
2023-12-18;CAP_SON_MAI_00010;112.717;6.87;87;0.0;10.75
2023-12-18;CAP_SON_MAI_00001;154.617;10.76;46;0.0;10.75
2023-12-18;CAP_SON_MAI_00010;345.117;9.84;19;0.0;10.75
2023-12-18;CAP_SON_MAI_00001;548.633;11.22;76;0.0;10.75
2023-12-18;CAP_SON_MAI_00001;97.517;7.29;46;0.0;10.75
2023-12-18;CAP_SON_MAI_00010;413.95;11.72;87;0.0;10.75
2023-12-18;CAP_SON_MAI_00004;89.8;10.96;55;0.0;10.75
2023-12-19;CAP_SON_MAI_00002;17.667;14.91;133;0.0;9.5
2023-12-19;CAP_SON_MAI_00001;57.117;3.29;5;0.0;9.5
2023-12-19;CAP_SON_MAI_00003;174.1;20.859;133;0.0;9.5
2023-12-19;CAP_SON_MAI_00010;491.233;8.91;13;0.0;9.5
2023-12-19;CAP_SON_MAI_00010;101.35;11.9;55;0.0;9.5
2023-12-19;CAP_SON_MAI_00004;239.283;42.63;29;0.0;9.5
2023-12-19;CAP_SON_MAI_00001;236.467;11.36;76;0.0;9.5
2023-12-19;CAP_SON_MAI_00003;240.033;28.442;55;0.0;9.5
2023-12-19;CAP_SON_MAI_00001;218.033;24.99;133;0.0;9.5
2023-12-20;CAP_SON_MAI_00001;231.817;20.17;144;0.0;12.0
2023-12-20;CAP_SON_MAI_00001;258.783;4.61;55;0.0;12.0
2023-12-20;CAP_SON_MAI_00004;210.867;12.75;50;0.0;12.0
2023-12-20;CAP_SON_MAI_00004;147.45;17.92;1;0.0;12.0
2023-12-20;CAP_SON_MAI_00001;169.683;9.88;59;0.0;12.0
2023-12-20;CAP_SON_MAI_00003;0.167;0.002;13;0.0;12.0
2023-12-20;CAP_SON_MAI_00004;169.017;9.69;4;0.0;12.0
2023-12-20;CAP_SON_MAI_00003;415.317;19.827;1;0.0;12.0
2023-12-21;CAP_SON_MAI_00004;143.933;8.25;4;0.0;11.0
2023-12-21;CAP_SON_MAI_00001;562.3;49.6;29;0.0;11.0
2023-12-21;CAP_SON_MAI_00002;67.95;55.96;139;0.0;11.0
2023-12-21;CAP_SON_MAI_00010;314.067;12.41;55;0.0;11.0
2023-12-21;CAP_SON_MAI_00004;181.083;9.93;19;0.0;11.0
2023-12-21;CAP_SON_MAI_00003;249.35;12.649;50;0.0;11.0
2023-12-21;CAP_SON_MAI_00001;88.817;5.15;59;0.0;11.0
2023-12-22;CAP_SON_MAI_00002;58.267;50.44;133;0.0;11.5
2023-12-22;CAP_SON_MAI_00003;311.25;34.145;144;0.0;11.5
2023-12-22;CAP_SON_MAI_00003;18.467;1.098;128;0.0;11.5
2023-12-22;CAP_SON_MAI_00001;223.867;12.33;55;0.0;11.5
2023-12-22;CAP_SON_MAI_00004;104.017;5.57;19;0.0;11.5
2023-12-22;CAP_SON_MAI_00001;349.433;10.85;46;0.0;11.5
2023-12-22;CAP_SON_MAI_00004;170.717;9.77;4;0.0;11.5
2023-12-22;CAP_SON_MAI_00010;520.633;11.52;87;0.0;11.5
2023-12-24;CAP_SON_MAI_00002;38.5;48.96;144;0.0;10.75
2023-12-26;CAP_SON_MAI_00002;22.25;30.04;0;0.0;11.75
2023-12-27;CAP_SON_MAI_00004;133.4;16.09;1;0.0;13.5
2023-12-27;CAP_SON_MAI_00010;504.667;11.69;87;0.0;13.5
2023-12-27;CAP_SON_MAI_00002;46.3;45.21;134;0.0;13.5
2023-12-27;CAP_SON_MAI_00004;193.25;11.22;76;0.0;13.5
2023-12-28;CAP_SON_MAI_00001;1975.167;12.59;50;0.525;14.0
2023-12-28;CAP_SON_MAI_00002;21.5;37.93;0;0.525;14.0
2023-12-28;CAP_SON_MAI_00001;305.217;26.59;145;0.525;14.0
2023-12-28;CAP_SON_MAI_00003;204.1;24.423;144;0.525;14.0
2023-12-28;CAP_SON_MAI_00001;110.683;10.54;46;0.525;14.0
2023-12-28;CAP_SON_MAI_00010;0.05;0.0;144;0.525;14.0
2023-12-28;CAP_SON_MAI_00004;108.8;13.21;1;0.525;14.0
2023-12-29;CAP_SON_MAI_00004;230.8;43.1;133;0.65;12.75
2023-12-29;CAP_SON_MAI_00003;52.8;6.495;133;0.65;12.75
2023-12-29;CAP_SON_MAI_00003;113.017;4.089;133;0.65;12.75
2023-12-29;CAP_SON_MAI_00004;26.917;3.66;146;0.65;12.75
2023-12-29;CAP_SON_MAI_00002;15.333;12.27;144;0.65;12.75
2023-12-29;CAP_SON_MAI_00004;11.883;1.97;0;0.65;12.75
2023-12-29;CAP_SON_MAI_00002;17.5;28.47;0;0.65;12.75
2023-12-30;CAP_SON_MAI_00002;9.3;9.57;0;0.025;13.0
2024-01-02;CAP_SON_MAI_00001;408.433;20.69;0;0.3;14.0
2024-01-02;CAP_SON_MAI_00004;100.917;12.26;55;0.3;14.0
2024-01-02;CAP_SON_MAI_00010;42.667;7.85;139;0.3;14.0
2024-01-02;CAP_SON_MAI_00004;158.25;27.35;145;0.3;14.0
2024-01-02;CAP_SON_MAI_00001;328.15;27.58;144;0.3;14.0
2024-01-02;CAP_SON_MAI_00001;613.25;11.31;87;0.3;14.0
2024-01-02;CAP_SON_MAI_00003;632.9;26.841;1;0.3;14.0
2024-01-02;CAP_SON_MAI_00010;1.433;0.18;139;0.3;14.0
2024-01-03;CAP_SON_MAI_00004;173.05;10.64;76;1.2;14.25
2024-01-03;CAP_SON_MAI_00010;276.5;5.53;76;1.2;14.25
2024-01-03;CAP_SON_MAI_00004;0.133;0.0;128;1.2;14.25
2024-01-03;CAP_SON_MAI_00003;175.567;10.502;50;1.2;14.25
2024-01-03;CAP_SON_MAI_00004;0.65;0.0;128;1.2;14.25
2024-01-03;CAP_SON_MAI_00003;0.0;0.0;46;1.2;14.25
2024-01-03;CAP_SON_MAI_00004;197.9;11.36;76;1.2;14.25
2024-01-03;CAP_SON_MAI_00002;67.133;55.9;139;1.2;14.25
2024-01-03;CAP_SON_MAI_00003;0.0;0.0;51;1.2;14.25
2024-01-03;CAP_SON_MAI_00010;320.983;10.23;4;1.2;14.25
2024-01-04;CAP_SON_MAI_00004;150.317;8.58;76;0.175;12.25
2024-01-04;CAP_SON_MAI_00004;150.733;8.67;4;0.175;12.25
2024-01-04;CAP_SON_MAI_00010;347.183;12.18;145;0.175;12.25
2024-01-04;CAP_SON_MAI_00010;237.15;31.99;145;0.175;12.25
2024-01-04;CAP_SON_MAI_00004;23.667;4.18;0;0.175;12.25
2024-01-04;CAP_SON_MAI_00010;185.1;7.67;55;0.175;12.25
2024-01-05;CAP_SON_MAI_00010;171.167;10.41;59;0.4;10.75
2024-01-05;CAP_SON_MAI_00002;60.217;49.94;0;0.4;10.75
2024-01-05;CAP_SON_MAI_00002;56.733;54.65;133;0.4;10.75
2024-01-05;CAP_SON_MAI_00002;30.467;42.65;144;0.4;10.75
2024-01-05;CAP_SON_MAI_00010;676.5;11.62;87;0.4;10.75
2024-01-05;CAP_SON_MAI_00004;164.733;9.51;76;0.4;10.75
2024-01-05;CAP_SON_MAI_00002;66.767;45.49;146;0.4;10.75
2024-01-05;CAP_SON_MAI_00010;319.567;9.06;13;0.4;10.75
2024-01-06;CAP_SON_MAI_00002;5.633;10.99;29;0.0;9.5
2024-01-08;CAP_SON_MAI_00004;193.6;11.2;76;0.025;9.0
2024-01-08;CAP_SON_MAI_00002;61.817;40.94;145;0.025;9.0
2024-01-08;CAP_SON_MAI_00002;61.617;40.32;146;0.025;9.0
2024-01-08;CAP_SON_MAI_00002;53.683;54.57;133;0.025;9.0
2024-01-08;CAP_SON_MAI_00002;50.7;44.46;139;0.025;9.0
2024-01-08;CAP_SON_MAI_00004;172.3;9.79;4;0.025;9.0
2024-01-08;CAP_SON_MAI_00010;317.083;12.44;128;0.025;9.0
2024-01-09;CAP_SON_MAI_00004;197.717;11.81;128;0.775;9.75
2024-01-09;CAP_SON_MAI_00010;1445.683;11.87;87;0.775;9.75
2024-01-09;CAP_SON_MAI_00004;160.017;9.2;4;0.775;9.75
2024-01-09;CAP_SON_MAI_00010;195.517;12.24;55;0.775;9.75
2024-01-10;CAP_SON_MAI_00004;180.017;31.77;145;0.175;12.25
2024-01-10;CAP_SON_MAI_00010;74.533;8.94;55;0.175;12.25
2024-01-10;CAP_SON_MAI_00010;289.367;11.91;55;0.175;12.25
2024-01-10;CAP_SON_MAI_00010;476.217;3.26;55;0.175;12.25
2024-01-10;CAP_SON_MAI_00010;902.15;39.6;29;0.175;12.25
2024-01-11;CAP_SON_MAI_00004;46.05;5.43;55;0.0;10.25
2024-01-11;CAP_SON_MAI_00010;254.483;19.98;55;0.0;10.25
2024-01-11;CAP_SON_MAI_00004;3.95;0.43;55;0.0;10.25
2024-01-11;CAP_SON_MAI_00004;0.65;0.0;55;0.0;10.25
2024-01-11;CAP_SON_MAI_00010;0.383;0.0;55;0.0;10.25
2024-01-11;CAP_SON_MAI_00002;54.717;47.44;133;0.0;10.25
2024-01-11;CAP_SON_MAI_00004;101.983;12.07;55;0.0;10.25
2024-01-11;CAP_SON_MAI_00004;187.4;34.68;144;0.0;10.25
2024-01-11;CAP_SON_MAI_00010;278.6;10.51;46;0.0;10.25
2024-01-11;CAP_SON_MAI_00010;286.25;12.73;50;0.0;10.25
2024-01-12;CAP_SON_MAI_00004;200.733;35.74;145;0.0;8.75
2024-01-12;CAP_SON_MAI_00010;536.633;11.86;87;0.0;8.75
2024-01-12;CAP_SON_MAI_00004;103.2;12.26;55;0.0;8.75
2024-01-12;CAP_SON_MAI_00004;54.917;6.56;55;0.0;8.75
2024-01-12;CAP_SON_MAI_00002;56.717;45.74;139;0.0;8.75
2024-01-13;CAP_SON_MAI_00002;31.25;46.31;0;0.1;12.5
2024-01-14;CAP_SON_MAI_00004;23.4;3.88;76;0.875;14.25
2024-01-15;CAP_SON_MAI_00004;152.783;27.03;145;0.4;15.0
2024-01-15;CAP_SON_MAI_00010;321.667;40.78;0;0.4;15.0
2024-01-15;CAP_SON_MAI_00002;60.6;43.64;146;0.4;15.0
2024-01-15;CAP_SON_MAI_00004;171.433;9.78;19;0.4;15.0
2024-01-15;CAP_SON_MAI_00010;335.7;26.01;1;0.4;15.0
2024-01-15;CAP_SON_MAI_00010;214.55;9.73;4;0.4;15.0
2024-01-15;CAP_SON_MAI_00010;0.067;0.0;1;0.4;15.0
2024-01-16;CAP_SON_MAI_00010;391.15;12.23;55;0.15;16.0
2024-01-16;CAP_SON_MAI_00004;283.817;52.6;144;0.15;16.0
2024-01-16;CAP_SON_MAI_00010;229.133;10.6;46;0.15;16.0
2024-01-16;CAP_SON_MAI_00004;198.933;11.92;87;0.15;16.0
2024-01-17;CAP_SON_MAI_00010;252.9;11.69;87;1.225;14.25
2024-01-17;CAP_SON_MAI_00004;187.883;33.4;145;1.225;14.25
2024-01-17;CAP_SON_MAI_00002;31.45;21.05;46;1.225;14.25
2024-01-17;CAP_SON_MAI_00004;183.933;11.27;59;1.225;14.25
2024-01-17;CAP_SON_MAI_00010;128.4;24.31;0;1.225;14.25
2024-01-18;CAP_SON_MAI_00010;91.05;5.35;19;0.5249999999999999;13.5
2024-01-18;CAP_SON_MAI_00002;46.45;27.4;146;0.5249999999999999;13.5
2024-01-18;CAP_SON_MAI_00010;102.317;6.01;19;0.5249999999999999;13.5
2024-01-18;CAP_SON_MAI_00010;0.083;0.0;19;0.5249999999999999;13.5
2024-01-18;CAP_SON_MAI_00010;255.133;46.86;29;0.5249999999999999;13.5
2024-01-18;CAP_SON_MAI_00004;194.95;11.65;128;0.5249999999999999;13.5
2024-01-18;CAP_SON_MAI_00004;99.967;12.22;55;0.5249999999999999;13.5
2024-01-18;CAP_SON_MAI_00004;173.867;9.71;19;0.5249999999999999;13.5
2024-01-18;CAP_SON_MAI_00010;0.083;0.0;19;0.5249999999999999;13.5
2024-01-19;CAP_SON_MAI_00004;198.517;11.39;76;0.0;12.25
2024-01-19;CAP_SON_MAI_00004;60.817;9.28;29;0.0;12.25
2024-01-19;CAP_SON_MAI_00010;1628.083;26.05;1;0.0;12.25
2024-01-19;CAP_SON_MAI_00002;58.383;43.13;145;0.0;12.25
2024-01-19;CAP_SON_MAI_00002;25.367;32.7;144;0.0;12.25
2024-01-19;CAP_SON_MAI_00004;187.55;11.19;59;0.0;12.25
2024-01-22;CAP_SON_MAI_00002;55.083;35.43;145;0.025;12.25
2024-01-22;CAP_SON_MAI_00004;199.017;11.84;128;0.025;12.25
2024-01-22;CAP_SON_MAI_00004;207.5;12.6;50;0.025;12.25
2024-01-22;CAP_SON_MAI_00002;38.367;49.29;133;0.025;12.25
2024-01-22;CAP_SON_MAI_00010;1454.867;25.63;1;0.025;12.25
2024-01-22;CAP_SON_MAI_00001;4.25;0.48;55;0.025;12.25
2024-01-22;CAP_SON_MAI_00004;163.35;9.35;4;0.025;12.25
2024-01-22;CAP_SON_MAI_00002;52.433;41.03;144;0.025;12.25
2024-01-22;CAP_SON_MAI_00010;1480.45;9.79;19;0.025;12.25
2024-01-22;CAP_SON_MAI_00001;460.867;12.06;55;0.025;12.25
2024-01-23;CAP_SON_MAI_00004;147.633;8.29;19;0.0;14.75
2024-01-23;CAP_SON_MAI_00004;285.95;52.98;29;0.0;14.75
2024-01-23;CAP_SON_MAI_00010;312.033;11.35;55;0.0;14.75
2024-01-23;CAP_SON_MAI_00010;311.533;34.8;55;0.0;14.75
2024-01-23;CAP_SON_MAI_00004;199.567;11.9;128;0.0;14.75
2024-01-24;CAP_SON_MAI_00010;221.633;12.51;50;0.0;15.0
2024-01-24;CAP_SON_MAI_00010;227.617;35.76;145;0.0;15.0
2024-01-24;CAP_SON_MAI_00010;289.117;20.98;46;0.0;15.0
2024-01-24;CAP_SON_MAI_00002;52.983;33.11;146;0.0;15.0
2024-01-24;CAP_SON_MAI_00003;382.733;4.303;51;0.0;15.0
2024-01-24;CAP_SON_MAI_00003;402.0;7.421;76;0.0;15.0
2024-01-25;CAP_SON_MAI_00004;174.467;10.26;35;0.0;14.5
2024-01-25;CAP_SON_MAI_00003;719.667;25.942;1;0.0;14.5
2024-01-25;CAP_SON_MAI_00004;174.433;9.8;19;0.0;14.5
2024-01-25;CAP_SON_MAI_00010;304.45;10.13;46;0.0;14.5
2024-01-25;CAP_SON_MAI_00010;166.267;31.28;133;0.0;14.5
2024-01-25;CAP_SON_MAI_00004;162.017;9.3;4;0.0;14.5
2024-01-26;CAP_SON_MAI_00004;41.733;6.39;145;0.0;15.0
2024-01-26;CAP_SON_MAI_00003;281.317;12.512;50;0.0;15.0
2024-01-26;CAP_SON_MAI_00002;57.633;36.52;146;0.0;15.0
2024-01-26;CAP_SON_MAI_00010;556.033;11.57;87;0.0;15.0
2024-01-26;CAP_SON_MAI_00010;200.167;26.0;0;0.0;15.0
2024-01-26;CAP_SON_MAI_00004;197.55;11.81;128;0.0;15.0
2024-01-26;CAP_SON_MAI_00003;247.283;30.387;145;0.0;15.0
2024-01-26;CAP_SON_MAI_00004;192.583;11.14;76;0.0;15.0
2024-01-29;CAP_SON_MAI_00003;0.0;0.0;51;0.0;14.5
2024-01-29;CAP_SON_MAI_00004;112.617;6.85;50;0.0;14.5
2024-01-29;CAP_SON_MAI_00002;39.167;27.4;144;0.0;14.5
2024-01-29;CAP_SON_MAI_00002;43.6;47.55;133;0.0;14.5
2024-01-29;CAP_SON_MAI_00004;169.45;9.74;4;0.0;14.5
2024-01-29;CAP_SON_MAI_00002;43.167;23.36;146;0.0;14.5
2024-01-29;CAP_SON_MAI_00010;1471.467;10.82;46;0.0;14.5
2024-01-29;CAP_SON_MAI_00004;229.45;41.4;145;0.0;14.5
2024-01-29;CAP_SON_MAI_00003;298.117;10.392;35;0.0;14.5
2024-01-29;CAP_SON_MAI_00010;1468.1;1.76;76;0.0;14.5
2024-01-29;CAP_SON_MAI_00002;42.983;42.56;133;0.0;14.5
2024-01-30;CAP_SON_MAI_00003;765.6;22.319;1;0.0;14.5
2024-01-30;CAP_SON_MAI_00004;172.517;9.63;19;0.0;14.5
2024-01-30;CAP_SON_MAI_00002;52.583;44.58;139;0.0;14.5
2024-01-30;CAP_SON_MAI_00004;0.083;0.0;30;0.0;14.5
2024-01-30;CAP_SON_MAI_00004;0.083;0.0;30;0.0;14.5
2024-01-30;CAP_SON_MAI_00004;78.883;14.699;0;0.0;14.5
2024-01-31;CAP_SON_MAI_00010;324.917;10.48;35;0.0;14.5
2024-01-31;CAP_SON_MAI_00010;312.7;12.48;50;0.0;14.5
2024-01-31;CAP_SON_MAI_00002;37.9;24.17;144;0.0;14.5
2024-01-31;CAP_SON_MAI_00004;129.133;7.2;76;0.0;14.5
2024-01-31;CAP_SON_MAI_00004;205.617;37.08;145;0.0;14.5
2024-01-31;CAP_SON_MAI_00003;352.65;7.996;13;0.0;14.5
2024-01-31;CAP_SON_MAI_00002;50.233;45.36;133;0.0;14.5
2024-01-31;CAP_SON_MAI_00010;216.067;10.8;46;0.0;14.5
2024-02-01;CAP_SON_MAI_00004;90.6;10.71;46;0.0;15.0
2024-02-01;CAP_SON_MAI_00004;100.717;17.76;144;0.0;15.0
2024-02-01;CAP_SON_MAI_00010;177.933;25.18;0;0.0;15.0
2024-02-01;CAP_SON_MAI_00002;20.433;36.54;29;0.0;15.0
2024-02-02;CAP_SON_MAI_00004;172.483;9.55;19;0.0;14.5
2024-02-02;CAP_SON_MAI_00004;194.0;34.621;145;0.0;14.5
2024-02-02;CAP_SON_MAI_00010;4258.233;50.76;133;0.0;14.5
2024-02-02;CAP_SON_MAI_00004;95.2;5.15;4;0.0;14.5
2024-02-03;CAP_SON_MAI_00002;18.283;30.78;0;0.0;14.0
2024-02-04;CAP_SON_MAI_00002;24.3;42.15;144;0.0;13.5
2024-02-05;CAP_SON_MAI_00010;141.783;26.25;0;0.0;14.0
2024-02-05;CAP_SON_MAI_00004;187.317;33.17;145;0.0;14.0
2024-02-05;CAP_SON_MAI_00010;339.667;11.54;87;0.0;14.0
2024-02-05;CAP_SON_MAI_00002;60.25;41.11;146;0.0;14.0
2024-02-05;CAP_SON_MAI_00004;176.75;10.16;19;0.0;14.0
2024-02-05;CAP_SON_MAI_00010;96.367;17.15;0;0.0;14.0
2024-02-05;CAP_SON_MAI_00004;207.45;25.18;1;0.0;14.0
2024-02-06;CAP_SON_MAI_00010;0.767;0.05;133;0.0;13.25
2024-02-06;CAP_SON_MAI_00010;242.883;17.67;133;0.0;13.25
2024-02-06;CAP_SON_MAI_00004;0.933;0.041;133;0.0;13.25
2024-02-06;CAP_SON_MAI_00004;89.683;10.8;55;0.0;13.25
2024-02-06;CAP_SON_MAI_00004;103.083;12.33;55;0.0;13.25
2024-02-06;CAP_SON_MAI_00010;272.633;49.94;29;0.0;13.25
2024-02-06;CAP_SON_MAI_00002;52.667;46.66;144;0.0;13.25
2024-02-06;CAP_SON_MAI_00010;223.8;5.01;35;0.0;13.25
2024-02-06;CAP_SON_MAI_00002;36.567;36.36;134;0.0;13.25
2024-02-07;CAP_SON_MAI_00004;193.5;34.449;145;0.1;13.5
2024-02-07;CAP_SON_MAI_00010;327.3;5.9;55;0.1;13.5
2024-02-08;CAP_SON_MAI_00002;53.033;35.5;146;0.875;14.0
2024-02-08;CAP_SON_MAI_00010;255.033;10.42;35;0.875;14.0
2024-02-08;CAP_SON_MAI_00010;622.05;11.53;87;0.875;14.0
2024-02-08;CAP_SON_MAI_00004;80.083;9.63;46;0.875;14.0
2024-02-09;CAP_SON_MAI_00002;50.767;37.42;145;1.9;12.75
2024-02-09;CAP_SON_MAI_00010;263.133;8.79;13;1.9;12.75
2024-02-09;CAP_SON_MAI_00010;0.383;0.0;55;1.9;12.75
2024-02-09;CAP_SON_MAI_00003;287.867;10.767;46;1.9;12.75
2024-02-09;CAP_SON_MAI_00010;182.067;6.57;35;1.9;12.75
2024-02-09;CAP_SON_MAI_00004;140.233;7.92;76;1.9;12.75
2024-02-09;CAP_SON_MAI_00010;170.733;12.32;55;1.9;12.75
2024-02-11;CAP_SON_MAI_00002;25.983;22.06;0;0.275;11.5
2024-02-12;CAP_SON_MAI_00010;292.783;26.08;1;0.35;14.0
2024-02-12;CAP_SON_MAI_00010;242.833;45.68;145;0.35;14.0
2024-02-12;CAP_SON_MAI_00004;172.783;9.69;19;0.35;14.0
2024-02-12;CAP_SON_MAI_00002;50.15;31.14;146;0.35;14.0
2024-02-12;CAP_SON_MAI_00004;168.95;9.74;4;0.35;14.0
2024-02-12;CAP_SON_MAI_00003;535.017;46.532;133;0.35;14.0
2024-02-12;CAP_SON_MAI_00010;2594.3;9.41;145;0.35;14.0
2024-02-12;CAP_SON_MAI_00002;63.633;51.63;139;0.35;14.0
2024-02-14;CAP_SON_MAI_00003;214.083;12.835;59;0.1;17.0
2024-02-14;CAP_SON_MAI_00002;46.283;49.6;144;0.1;17.0
2024-02-14;CAP_SON_MAI_00003;171.35;8.592;13;0.1;17.0
2024-02-14;CAP_SON_MAI_00004;290.233;54.141;133;0.1;17.0
2024-02-14;CAP_SON_MAI_00004;145.483;8.02;19;0.1;17.0
2024-02-14;CAP_SON_MAI_00010;210.0;12.25;55;0.1;17.0
2024-02-15;CAP_SON_MAI_00004;86.967;10.6;46;0.3;15.25
2024-02-15;CAP_SON_MAI_00010;329.317;23.45;1;0.3;15.25
2024-02-15;CAP_SON_MAI_00004;85.533;4.84;19;0.3;15.25
2024-02-15;CAP_SON_MAI_00010;225.683;39.76;145;0.3;15.25
2024-02-15;CAP_SON_MAI_00004;204.25;12.3;50;0.3;15.25
2024-02-15;CAP_SON_MAI_00004;96.3;5.279;19;0.3;15.25
2024-02-16;CAP_SON_MAI_00010;161.9;8.97;13;0.0;13.25
2024-02-16;CAP_SON_MAI_00010;101.767;17.83;145;0.0;13.25
2024-02-16;CAP_SON_MAI_00004;72.617;12.86;29;0.0;13.25
2024-02-16;CAP_SON_MAI_00004;174.067;10.26;35;0.0;13.25
2024-02-16;CAP_SON_MAI_00010;352.767;11.73;87;0.0;13.25
2024-02-16;CAP_SON_MAI_00010;295.633;10.76;46;0.0;13.25
2024-02-16;CAP_SON_MAI_00002;25.583;33.58;29;0.0;13.25
2024-02-19;CAP_SON_MAI_00004;192.133;11.15;76;0.0;15.5
2024-02-19;CAP_SON_MAI_00010;20.917;1.28;35;0.0;15.5
2024-02-19;CAP_SON_MAI_00004;188.083;35.26;0;0.0;15.5
2024-02-19;CAP_SON_MAI_00010;2.617;0.12;150;0.0;15.5
2024-02-19;CAP_SON_MAI_00002;56.217;40.75;146;0.0;15.5
2024-02-19;CAP_SON_MAI_00010;227.883;30.42;35;0.0;15.5
2024-02-19;CAP_SON_MAI_00010;303.817;9.13;35;0.0;15.5
2024-02-19;CAP_SON_MAI_00002;44.0;43.67;139;0.0;15.5
2024-02-20;CAP_SON_MAI_00004;147.55;8.62;13;0.0;15.0
2024-02-20;CAP_SON_MAI_00010;370.85;27.23;0;0.0;15.0
2024-02-20;CAP_SON_MAI_00010;313.95;26.26;1;0.0;15.0
2024-02-20;CAP_SON_MAI_00004;131.217;7.39;76;0.0;15.0
2024-02-20;CAP_SON_MAI_00002;29.767;42.96;133;0.0;15.0
2024-02-21;CAP_SON_MAI_00004;127.517;7.12;76;0.0;14.0
2024-02-21;CAP_SON_MAI_00004;194.283;35.18;145;0.0;14.0
2024-02-21;CAP_SON_MAI_00002;51.883;41.44;144;0.0;14.0
2024-02-21;CAP_SON_MAI_00004;0.683;0.0;5;0.0;14.0
2024-02-22;CAP_SON_MAI_00010;351.817;22.31;1;0.525;13.25
2024-02-22;CAP_SON_MAI_00010;307.95;12.87;50;0.525;13.25
2024-02-22;CAP_SON_MAI_00002;42.517;35.61;134;0.525;13.25
2024-02-22;CAP_SON_MAI_00004;209.567;12.45;5;0.525;13.25
2024-02-22;CAP_SON_MAI_00004;172.717;9.84;19;0.525;13.25
2024-02-22;CAP_SON_MAI_00010;239.583;10.84;46;0.525;13.25
2024-02-22;CAP_SON_MAI_00010;0.167;0.0;46;0.525;13.25
2024-02-22;CAP_SON_MAI_00010;0.4;0.0;46;0.525;13.25
2024-02-22;CAP_SON_MAI_00010;232.05;11.69;87;0.525;13.25
2024-02-23;CAP_SON_MAI_00004;85.183;14.47;144;0.575;11.25
2024-02-23;CAP_SON_MAI_00010;371.583;20.89;1;0.575;11.25
2024-02-23;CAP_SON_MAI_00004;174.0;31.1;0;0.575;11.25
2024-02-23;CAP_SON_MAI_00002;59.767;44.1;146;0.575;11.25
2024-02-23;CAP_SON_MAI_00002;54.267;37.52;145;0.575;11.25
2024-02-23;CAP_SON_MAI_00004;199.267;11.78;128;0.575;11.25
2024-02-25;CAP_SON_MAI_00002;16.5;28.52;0;0.525;14.0
2024-02-26;CAP_SON_MAI_00004;209.05;12.59;50;0.15;11.75
2024-02-26;CAP_SON_MAI_00004;225.517;14.04;150;0.15;11.75
2024-02-26;CAP_SON_MAI_00010;271.217;38.76;145;0.15;11.75
2024-02-26;CAP_SON_MAI_00002;56.233;56.78;133;0.15;11.75
2024-02-26;CAP_SON_MAI_00004;172.067;9.84;19;0.15;11.75
2024-02-26;CAP_SON_MAI_00010;0.05;0.0;19;0.15;11.75
2024-02-26;CAP_SON_MAI_00004;160.4;9.21;4;0.15;11.75
2024-02-26;CAP_SON_MAI_00002;51.867;28.53;146;0.15;11.75
2024-02-27;CAP_SON_MAI_00004;144.0;8.0;76;0.0;10.75
2024-02-27;CAP_SON_MAI_00010;290.267;16.82;145;0.0;10.75
2024-02-27;CAP_SON_MAI_00010;93.817;9.57;46;0.0;10.75
2024-02-27;CAP_SON_MAI_00010;173.283;8.78;13;0.0;10.75
2024-02-27;CAP_SON_MAI_00004;0.633;0.0;46;0.0;10.75
2024-02-27;CAP_SON_MAI_00004;253.6;46.87;133;0.0;10.75
2024-02-27;CAP_SON_MAI_00010;210.783;12.55;50;0.0;10.75
2024-02-27;CAP_SON_MAI_00002;32.583;29.61;144;0.0;10.75
2024-02-28;CAP_SON_MAI_00010;200.217;25.3;133;0.0;10.75
2024-02-28;CAP_SON_MAI_00004;199.817;11.87;87;0.0;10.75
2024-02-28;CAP_SON_MAI_00002;46.667;55.72;133;0.0;10.75
2024-02-28;CAP_SON_MAI_00010;1978.133;19.48;146;0.0;10.75
2024-02-28;CAP_SON_MAI_00004;165.3;9.1;19;0.0;10.75
2024-02-28;CAP_SON_MAI_00004;290.983;52.82;29;0.0;10.75
2024-02-28;CAP_SON_MAI_00004;11.483;0.6;19;0.0;10.75
2024-02-28;CAP_SON_MAI_00010;211.183;8.6;46;0.0;10.75
2024-02-29;CAP_SON_MAI_00004;155.883;8.89;76;0.05;12.0
2024-02-29;CAP_SON_MAI_00004;74.783;9.14;46;0.05;12.0
2024-02-29;CAP_SON_MAI_00010;0.4;0.01;13;0.05;12.0
2024-02-29;CAP_SON_MAI_00010;352.383;8.73;13;0.05;12.0
2024-02-29;CAP_SON_MAI_00002;30.283;42.03;133;0.05;12.0
2024-02-29;CAP_SON_MAI_00002;39.483;19.95;144;0.05;12.0
2024-02-29;CAP_SON_MAI_00004;114.433;6.95;150;0.05;12.0
